242.02,242.04,242.04,242.01,242,241.97,241.99,241.87,241.88,241.52,241.72,241.71,241.58,241.32,241.27,241.03,241.04,240.98,240.85,240.84,240.85,240.86,240.78,240.62,240.78,240.91,241,240.89,240.83,240.93,240.87,240.82,240.69,240.49,240.38,240.29,240.35,240.22,240.2,240.19,240.23,240.17,240.16,240.1,240.13,239.95,239.93,240,239.88,239.78,239.73,239.69,239.66,239.6,239.58,239.62,239.73,239.71,239.85,239.8,239.78,239.85,239.73,239.72,239.8,239.76,239.83,240.03,239.81,239.87,239.77,239.73,239.83,239.81,239.73,239.73,239.7,239.52,239.54,239.59,239.65,239.6,239.64,239.85,239.77,239.78,239.88,239.91,239.93,239.85,239.93,239.81,239.67,239.73,239.85,239.7,239.66,239.61,239.43,239.24,239.23,239.14,239.08,239.09,238.97,238.92,238.92,238.92,238.83,238.91,238.95,238.89,239.13,239.03,238.99,238.99,238.95,238.88,238.94,239,239,238.95,238.91,238.79,238.8,238.8,238.94,238.93,238.97,239.07,238.96,238.95,238.94,239.05,238.96
241.77,241.78,241.76,241.73,241.73,241.69,241.72,241.62,241.62,241.29,241.48,241.47,241.36,241.12,241.06,240.85,240.84,240.79,240.68,240.67,240.68,240.67,240.61,240.47,240.61,240.73,240.81,240.69,240.65,240.75,240.69,240.65,240.53,240.36,240.26,240.18,240.24,240.13,240.09,240.08,240.1,240.06,240.04,239.98,239.99,239.84,239.82,239.88,239.78,239.69,239.64,239.62,239.61,239.56,239.53,239.57,239.66,239.65,239.77,239.72,239.7,239.76,239.65,239.66,239.72,239.67,239.72,239.89,239.71,239.74,239.67,239.64,239.71,239.69,239.63,239.62,239.6,239.44,239.48,239.51,239.55,239.52,239.56,239.74,239.67,239.68,239.73,239.74,239.76,239.69,239.75,239.65,239.51,239.57,239.66,239.52,239.49,239.45,239.29,239.12,239.12,239.04,238.99,239,238.89,238.85,238.85,238.86,238.77,238.82,238.85,238.78,238.98,238.9,238.85,238.82,238.8,238.74,238.8,238.85,238.86,238.81,238.77,238.67,238.69,238.68,238.8,238.8,238.84,238.93,238.83,238.83,238.83,238.91,238.84
241.53,241.54,241.51,241.48,241.46,241.44,241.46,241.38,241.38,241.07,241.24,241.23,241.13,240.92,240.87,240.66,240.66,240.61,240.51,240.51,240.51,240.5,240.44,240.33,240.45,240.55,240.62,240.51,240.48,240.58,240.52,240.48,240.38,240.23,240.15,240.08,240.12,240.03,239.99,239.97,239.98,239.95,239.91,239.87,239.86,239.73,239.72,239.77,239.69,239.6,239.56,239.55,239.55,239.51,239.48,239.51,239.58,239.6,239.69,239.63,239.61,239.66,239.58,239.59,239.63,239.59,239.62,239.76,239.6,239.63,239.57,239.54,239.6,239.58,239.53,239.51,239.5,239.36,239.41,239.43,239.45,239.44,239.48,239.63,239.56,239.58,239.59,239.59,239.6,239.54,239.59,239.48,239.37,239.41,239.47,239.35,239.32,239.3,239.14,239,239.01,238.94,238.89,238.9,238.81,238.77,238.77,238.8,238.7,238.74,238.76,238.69,238.85,238.76,238.71,238.67,238.66,238.6,238.67,238.71,238.72,238.68,238.63,238.55,238.57,238.57,238.66,238.69,238.71,238.79,238.71,238.72,238.71,238.78,238.72
241.31,241.31,241.27,241.24,241.22,241.19,241.23,241.16,241.16,240.87,241.02,241,240.93,240.74,240.68,240.49,240.49,240.44,240.36,240.35,240.35,240.34,240.28,240.19,240.3,240.38,240.44,240.34,240.32,240.41,240.36,240.32,240.24,240.11,240.04,239.98,240.01,239.94,239.89,239.87,239.86,239.84,239.8,239.76,239.74,239.63,239.62,239.66,239.6,239.52,239.49,239.48,239.49,239.46,239.43,239.45,239.51,239.54,239.61,239.54,239.52,239.56,239.5,239.53,239.55,239.5,239.51,239.63,239.5,239.51,239.47,239.44,239.49,239.46,239.43,239.41,239.4,239.28,239.34,239.34,239.36,239.36,239.39,239.52,239.46,239.47,239.45,239.44,239.45,239.39,239.43,239.33,239.22,239.26,239.3,239.19,239.16,239.15,239.01,238.89,238.9,238.84,238.8,238.81,238.73,238.7,238.7,238.74,238.64,238.65,238.66,238.59,238.72,238.64,238.59,238.53,238.53,238.48,238.55,238.57,238.6,238.55,238.51,238.45,238.47,238.45,238.54,238.57,238.6,238.66,238.6,238.61,238.6,238.65,238.61
241.1,241.1,241.05,241.02,240.99,240.97,241,240.96,240.94,240.68,240.81,240.8,240.73,240.56,240.51,240.33,240.33,240.28,240.21,240.21,240.2,240.19,240.14,240.06,240.14,240.22,240.28,240.18,240.17,240.26,240.21,240.17,240.1,240,239.93,239.88,239.91,239.84,239.79,239.77,239.74,239.74,239.68,239.66,239.62,239.52,239.52,239.56,239.51,239.44,239.41,239.41,239.43,239.41,239.37,239.39,239.44,239.48,239.53,239.46,239.44,239.47,239.42,239.46,239.46,239.42,239.41,239.51,239.4,239.4,239.37,239.35,239.38,239.35,239.33,239.31,239.3,239.2,239.27,239.26,239.26,239.28,239.31,239.41,239.36,239.37,239.32,239.3,239.3,239.25,239.28,239.18,239.09,239.12,239.14,239.03,239.01,239.01,238.87,238.78,238.79,238.73,238.71,238.72,238.65,238.62,238.62,238.68,238.57,238.56,238.57,238.49,238.59,238.52,238.46,238.4,238.4,238.36,238.43,238.44,238.47,238.43,238.39,238.34,238.36,238.35,238.41,238.46,238.48,238.54,238.48,238.5,238.49,238.53,238.5
240.9,240.9,240.84,240.81,240.78,240.76,240.79,240.76,240.74,240.5,240.61,240.6,240.55,240.39,240.34,240.18,240.17,240.13,240.06,240.07,240.06,240.05,240,239.93,240,240.07,240.11,240.02,240.02,240.11,240.06,240.02,239.96,239.88,239.83,239.78,239.8,239.75,239.7,239.67,239.63,239.63,239.57,239.55,239.5,239.42,239.42,239.45,239.42,239.35,239.33,239.34,239.37,239.35,239.32,239.33,239.36,239.42,239.45,239.37,239.36,239.38,239.34,239.38,239.38,239.33,239.31,239.38,239.3,239.29,239.27,239.25,239.27,239.25,239.24,239.21,239.21,239.12,239.2,239.18,239.17,239.19,239.23,239.3,239.25,239.27,239.19,239.16,239.16,239.11,239.13,239.03,238.95,238.98,238.98,238.88,238.86,238.88,238.75,238.67,238.69,238.64,238.61,238.62,238.57,238.54,238.54,238.61,238.5,238.48,238.48,238.4,238.47,238.4,238.34,238.27,238.27,238.24,238.31,238.32,238.36,238.32,238.28,238.24,238.26,238.25,238.29,238.35,238.37,238.41,238.37,238.39,238.38,238.41,238.38
240.72,240.72,240.65,240.61,240.58,240.56,240.6,240.58,240.55,240.33,240.43,240.42,240.37,240.24,240.18,240.03,240.03,239.98,239.93,239.94,239.93,239.91,239.86,239.81,239.87,239.92,239.96,239.87,239.89,239.97,239.92,239.89,239.84,239.77,239.73,239.68,239.7,239.66,239.61,239.57,239.52,239.53,239.46,239.45,239.38,239.32,239.33,239.35,239.33,239.27,239.25,239.27,239.31,239.3,239.26,239.27,239.29,239.36,239.36,239.29,239.27,239.29,239.27,239.31,239.3,239.25,239.21,239.27,239.2,239.18,239.17,239.16,239.17,239.14,239.14,239.12,239.12,239.04,239.12,239.1,239.08,239.11,239.14,239.19,239.15,239.17,239.06,239.02,239.02,238.98,238.99,238.9,238.82,238.84,238.83,238.74,238.73,238.75,238.63,238.57,238.59,238.54,238.52,238.53,238.49,238.46,238.46,238.54,238.42,238.39,238.38,238.3,238.35,238.28,238.23,238.14,238.16,238.13,238.21,238.2,238.25,238.21,238.17,238.14,238.17,238.15,238.18,238.25,238.26,238.3,238.26,238.28,238.28,238.29,238.28
240.55,240.54,240.46,240.43,240.4,240.38,240.42,240.4,240.38,240.17,240.26,240.25,240.21,240.09,240.03,239.9,239.89,239.85,239.8,239.81,239.8,239.78,239.74,239.7,239.74,239.79,239.82,239.73,239.75,239.83,239.79,239.75,239.71,239.67,239.63,239.59,239.61,239.58,239.51,239.48,239.42,239.44,239.35,239.35,239.28,239.23,239.24,239.26,239.25,239.19,239.18,239.2,239.25,239.24,239.2,239.2,239.21,239.29,239.28,239.2,239.19,239.2,239.19,239.23,239.21,239.16,239.12,239.15,239.11,239.08,239.07,239.06,239.07,239.04,239.05,239.02,239.03,238.97,239.05,239.02,238.99,239.03,239.06,239.08,239.05,239.07,238.94,238.89,238.89,238.85,238.86,238.76,238.7,238.71,238.69,238.6,238.59,238.62,238.52,238.47,238.49,238.45,238.43,238.44,238.41,238.38,238.38,238.47,238.35,238.3,238.29,238.21,238.24,238.18,238.12,238.03,238.05,238.02,238.1,238.09,238.14,238.1,238.06,238.05,238.08,238.06,238.08,238.15,238.15,238.19,238.16,238.18,238.18,238.18,238.17
240.39,240.39,240.3,240.26,240.23,240.21,240.25,240.25,240.21,240.02,240.1,240.09,240.05,239.95,239.89,239.77,239.76,239.72,239.68,239.69,239.68,239.66,239.62,239.59,239.63,239.66,239.68,239.6,239.63,239.7,239.66,239.63,239.6,239.57,239.54,239.5,239.51,239.49,239.43,239.39,239.32,239.34,239.25,239.26,239.17,239.14,239.15,239.16,239.16,239.12,239.11,239.13,239.19,239.18,239.15,239.14,239.14,239.22,239.2,239.12,239.11,239.11,239.11,239.16,239.13,239.08,239.02,239.04,239.02,238.98,238.98,238.97,238.97,238.94,238.96,238.93,238.94,238.89,238.98,238.94,238.9,238.94,238.97,238.98,238.95,238.97,238.82,238.77,238.76,238.73,238.73,238.64,238.58,238.59,238.55,238.47,238.47,238.5,238.41,238.37,238.4,238.36,238.35,238.35,238.32,238.31,238.3,238.39,238.28,238.22,238.2,238.13,238.13,238.07,238.02,237.92,237.95,237.92,238,237.98,238.04,238,237.97,237.97,237.99,237.97,237.98,238.05,238.06,238.08,238.06,238.09,238.08,238.07,238.07
240.25,240.24,240.14,240.11,240.07,240.06,240.1,240.1,240.06,239.88,239.95,239.94,239.91,239.81,239.76,239.64,239.64,239.6,239.57,239.58,239.56,239.54,239.51,239.49,239.51,239.54,239.55,239.48,239.51,239.58,239.54,239.51,239.49,239.47,239.44,239.41,239.42,239.41,239.34,239.3,239.22,239.25,239.15,239.16,239.07,239.05,239.07,239.07,239.08,239.04,239.03,239.07,239.12,239.12,239.09,239.08,239.06,239.16,239.12,239.04,239.03,239.02,239.03,239.08,239.05,239,238.93,238.94,238.92,238.88,238.88,238.88,238.87,238.84,238.87,238.84,238.86,238.82,238.91,238.86,238.81,238.86,238.89,238.88,238.85,238.87,238.71,238.65,238.64,238.61,238.61,238.52,238.46,238.47,238.42,238.35,238.35,238.39,238.3,238.28,238.3,238.27,238.26,238.26,238.24,238.23,238.22,238.32,238.2,238.14,238.12,238.04,238.02,237.97,237.92,237.82,237.85,237.83,237.91,237.88,237.95,237.91,237.87,237.88,237.91,237.88,237.88,237.96,237.96,237.97,237.96,237.99,237.98,237.96,237.97
240.11,240.1,240,239.96,239.92,239.91,239.95,239.96,239.92,239.76,239.81,239.8,239.77,239.69,239.64,239.53,239.52,239.49,239.46,239.48,239.46,239.43,239.41,239.39,239.4,239.42,239.43,239.36,239.39,239.46,239.43,239.4,239.38,239.38,239.36,239.33,239.33,239.32,239.26,239.22,239.13,239.16,239.06,239.07,238.97,238.97,238.98,238.98,239,238.97,238.96,239,239.06,239.06,239.03,239.01,238.99,239.09,239.04,238.96,238.94,238.93,238.95,239,238.96,238.92,238.84,238.83,238.83,238.78,238.79,238.79,238.78,238.75,238.78,238.76,238.77,238.74,238.84,238.78,238.73,238.78,238.8,238.78,238.75,238.77,238.6,238.54,238.52,238.5,238.49,238.4,238.35,238.35,238.3,238.23,238.23,238.28,238.2,238.19,238.21,238.19,238.17,238.17,238.16,238.15,238.13,238.24,238.13,238.06,238.03,237.95,237.92,237.88,237.82,237.72,237.76,237.74,237.82,237.79,237.86,237.82,237.79,237.8,237.83,237.8,237.79,237.87,237.87,237.87,237.86,237.9,237.89,237.86,237.87
239.98,239.98,239.86,239.83,239.79,239.78,239.82,239.83,239.79,239.64,239.68,239.67,239.64,239.57,239.52,239.42,239.42,239.38,239.36,239.38,239.36,239.33,239.31,239.3,239.3,239.31,239.32,239.25,239.28,239.34,239.32,239.29,239.27,239.28,239.27,239.25,239.24,239.24,239.17,239.13,239.04,239.07,238.97,238.98,238.88,238.88,238.9,238.89,238.92,238.89,238.89,238.93,238.99,239,238.97,238.94,238.91,239.02,238.96,238.87,238.86,238.85,238.87,238.93,238.88,238.84,238.76,238.73,238.75,238.69,238.7,238.7,238.69,238.65,238.7,238.67,238.69,238.67,238.76,238.71,238.65,238.7,238.72,238.68,238.66,238.67,238.49,238.43,238.41,238.39,238.38,238.29,238.24,238.24,238.18,238.12,238.12,238.17,238.1,238.1,238.12,238.1,238.09,238.09,238.08,238.07,238.05,238.17,238.05,237.97,237.94,237.87,237.82,237.79,237.73,237.63,237.67,237.65,237.73,237.7,237.77,237.73,237.7,237.73,237.75,237.73,237.71,237.78,237.77,237.78,237.77,237.81,237.8,237.76,237.77
239.86,239.86,239.74,239.71,239.67,239.65,239.7,239.71,239.67,239.53,239.56,239.55,239.52,239.46,239.41,239.32,239.31,239.28,239.26,239.28,239.26,239.23,239.22,239.21,239.2,239.21,239.21,239.14,239.18,239.24,239.21,239.19,239.18,239.2,239.19,239.17,239.16,239.17,239.09,239.05,238.96,238.98,238.88,238.89,238.79,238.8,238.82,238.8,238.84,238.82,238.82,238.87,238.93,238.94,238.9,238.88,238.84,238.95,238.87,238.79,238.78,238.76,238.79,238.85,238.8,238.76,238.67,238.64,238.66,238.6,238.61,238.61,238.6,238.56,238.61,238.59,238.61,238.6,238.69,238.63,238.56,238.61,238.63,238.58,238.56,238.58,238.39,238.33,238.3,238.29,238.27,238.18,238.14,238.13,238.07,238.01,238.02,238.07,238.01,238.01,238.04,238.02,238.01,238,238,237.99,237.97,238.09,237.98,237.89,237.86,237.79,237.73,237.7,237.65,237.55,237.59,237.57,237.65,237.61,237.69,237.65,237.63,237.66,237.68,237.65,237.63,237.7,237.69,237.68,237.68,237.72,237.71,237.66,237.68
239.76,239.75,239.63,239.59,239.56,239.54,239.59,239.6,239.56,239.42,239.45,239.43,239.41,239.35,239.3,239.22,239.22,239.19,239.17,239.19,239.17,239.14,239.14,239.13,239.11,239.12,239.1,239.04,239.08,239.13,239.12,239.09,239.08,239.11,239.11,239.09,239.08,239.09,239.02,238.97,238.87,238.9,238.79,238.81,238.71,238.73,238.74,238.72,238.76,238.75,238.75,238.8,238.86,238.87,238.84,238.81,238.77,238.87,238.79,238.72,238.71,238.68,238.71,238.77,238.72,238.68,238.59,238.54,238.57,238.51,238.52,238.52,238.51,238.47,238.53,238.51,238.53,238.52,238.62,238.56,238.48,238.53,238.55,238.49,238.47,238.48,238.29,238.23,238.2,238.19,238.17,238.08,238.04,238.03,237.96,237.91,237.92,237.98,237.92,237.93,237.95,237.94,237.93,237.92,237.92,237.91,237.89,238.01,237.9,237.81,237.78,237.71,237.64,237.62,237.57,237.47,237.51,237.5,237.57,237.53,237.61,237.57,237.55,237.59,237.61,237.58,237.55,237.62,237.61,237.59,237.59,237.64,237.62,237.56,237.59
239.66,239.65,239.52,239.49,239.45,239.43,239.48,239.5,239.46,239.33,239.35,239.33,239.3,239.25,239.2,239.13,239.13,239.1,239.08,239.1,239.09,239.06,239.06,239.05,239.02,239.02,239.01,238.95,238.99,239.04,239.02,239,238.99,239.03,239.03,239.01,239,239.02,238.94,238.89,238.79,238.82,238.71,238.73,238.62,238.65,238.67,238.64,238.68,238.68,238.68,238.73,238.8,238.81,238.78,238.74,238.69,238.8,238.71,238.64,238.63,238.6,238.63,238.69,238.64,238.6,238.51,238.45,238.49,238.43,238.43,238.44,238.42,238.39,238.45,238.43,238.46,238.45,238.55,238.48,238.4,238.45,238.46,238.39,238.38,238.39,238.2,238.13,238.1,238.09,238.07,237.99,237.94,237.93,237.86,237.82,237.83,237.89,237.84,237.85,237.87,237.86,237.85,237.84,237.84,237.84,237.81,237.93,237.83,237.73,237.7,237.63,237.55,237.54,237.49,237.39,237.44,237.42,237.49,237.45,237.54,237.5,237.48,237.53,237.54,237.51,237.47,237.54,237.53,237.51,237.5,237.55,237.54,237.47,237.5
239.56,239.56,239.43,239.39,239.36,239.34,239.39,239.4,239.36,239.24,239.25,239.23,239.2,239.16,239.11,239.04,239.05,239.02,239,239.02,239.01,238.97,238.98,238.98,238.94,238.94,238.91,238.86,238.9,238.94,238.93,238.91,238.91,238.95,238.96,238.94,238.93,238.94,238.86,238.82,238.72,238.74,238.63,238.65,238.54,238.58,238.59,238.56,238.61,238.61,238.62,238.67,238.73,238.75,238.72,238.67,238.62,238.73,238.63,238.56,238.55,238.52,238.55,238.61,238.56,238.52,238.43,238.36,238.41,238.34,238.35,238.36,238.34,238.3,238.37,238.36,238.38,238.38,238.48,238.41,238.33,238.37,238.38,238.3,238.29,238.3,238.11,238.04,238.01,238,237.98,237.89,237.85,237.84,237.76,237.73,237.73,237.8,237.76,237.77,237.8,237.79,237.77,237.76,237.77,237.76,237.73,237.85,237.75,237.66,237.62,237.56,237.47,237.46,237.41,237.32,237.37,237.36,237.42,237.38,237.47,237.43,237.41,237.47,237.48,237.45,237.4,237.47,237.45,237.42,237.42,237.47,237.46,237.39,237.42
239.48,239.48,239.34,239.31,239.27,239.25,239.3,239.31,239.27,239.16,239.16,239.15,239.11,239.08,239.02,238.97,238.97,238.94,238.93,238.95,238.93,238.9,238.91,238.91,238.87,238.86,238.83,238.78,238.82,238.86,238.85,238.83,238.82,238.88,238.89,238.87,238.85,238.87,238.79,238.75,238.65,238.67,238.55,238.57,238.47,238.51,238.52,238.48,238.53,238.55,238.55,238.61,238.66,238.68,238.66,238.61,238.55,238.66,238.56,238.49,238.48,238.44,238.48,238.53,238.48,238.45,238.36,238.28,238.33,238.26,238.26,238.27,238.26,238.22,238.29,238.29,238.31,238.32,238.41,238.33,238.25,238.29,238.3,238.21,238.2,238.21,238.02,237.95,237.92,237.91,237.89,237.81,237.76,237.75,237.67,237.64,237.65,237.71,237.68,237.7,237.72,237.71,237.7,237.68,237.69,237.69,237.65,237.78,237.68,237.58,237.54,237.49,237.39,237.39,237.34,237.26,237.3,237.29,237.36,237.31,237.4,237.36,237.35,237.41,237.42,237.39,237.34,237.4,237.38,237.35,237.34,237.4,237.38,237.3,237.34
239.4,239.4,239.26,239.23,239.19,239.17,239.22,239.23,239.19,239.08,239.08,239.06,239.02,238.99,238.94,238.89,238.89,238.87,238.86,238.88,238.86,238.83,238.84,238.84,238.79,238.78,238.75,238.7,238.74,238.78,238.77,238.75,238.75,238.8,238.82,238.8,238.78,238.8,238.72,238.68,238.58,238.59,238.48,238.5,238.39,238.44,238.45,238.41,238.46,238.48,238.49,238.54,238.6,238.62,238.6,238.54,238.48,238.59,238.48,238.41,238.4,238.36,238.4,238.46,238.4,238.38,238.28,238.2,238.25,238.18,238.18,238.19,238.18,238.14,238.22,238.21,238.24,238.25,238.34,238.26,238.18,238.21,238.22,238.13,238.11,238.12,237.94,237.87,237.83,237.83,237.81,237.72,237.68,237.66,237.59,237.56,237.57,237.63,237.61,237.63,237.65,237.64,237.62,237.6,237.62,237.62,237.57,237.7,237.6,237.51,237.47,237.42,237.32,237.32,237.28,237.2,237.24,237.23,237.29,237.25,237.34,237.3,237.29,237.35,237.36,237.33,237.28,237.33,237.31,237.27,237.27,237.32,237.31,237.22,237.26
239.33,239.33,239.19,239.15,239.12,239.1,239.15,239.16,239.12,239.01,239.01,238.99,238.94,238.92,238.87,238.82,238.83,238.8,238.79,238.81,238.8,238.76,238.78,238.78,238.73,238.71,238.67,238.63,238.67,238.7,238.7,238.68,238.67,238.74,238.75,238.74,238.71,238.74,238.66,238.61,238.51,238.52,238.41,238.42,238.33,238.38,238.39,238.34,238.39,238.42,238.42,238.48,238.53,238.56,238.53,238.47,238.41,238.52,238.4,238.34,238.33,238.29,238.33,238.38,238.33,238.3,238.21,238.13,238.18,238.11,238.1,238.12,238.11,238.07,238.14,238.15,238.17,238.18,238.27,238.19,238.1,238.14,238.14,238.04,238.03,238.04,237.86,237.79,237.76,237.75,237.73,237.64,237.6,237.58,237.51,237.48,237.49,237.56,237.54,237.56,237.58,237.57,237.55,237.53,237.55,237.55,237.5,237.62,237.53,237.44,237.4,237.35,237.25,237.26,237.21,237.14,237.18,237.18,237.23,237.19,237.28,237.24,237.24,237.3,237.3,237.28,237.22,237.26,237.24,237.2,237.19,237.25,237.23,237.15,237.18
239.27,239.27,239.12,239.09,239.06,239.03,239.08,239.09,239.05,238.95,238.94,238.92,238.87,238.85,238.79,238.75,238.76,238.74,238.73,238.75,238.73,238.7,238.73,238.72,238.66,238.64,238.6,238.56,238.6,238.62,238.63,238.61,238.6,238.67,238.69,238.67,238.65,238.67,238.59,238.54,238.45,238.45,238.34,238.35,238.26,238.32,238.32,238.27,238.32,238.36,238.36,238.42,238.47,238.49,238.47,238.41,238.34,238.45,238.33,238.27,238.26,238.21,238.25,238.31,238.25,238.23,238.14,238.05,238.11,238.03,238.03,238.04,238.03,237.99,238.07,238.08,238.11,238.12,238.2,238.12,238.03,238.06,238.06,237.96,237.95,237.95,237.78,237.71,237.68,237.67,237.65,237.57,237.52,237.5,237.43,237.41,237.42,237.48,237.47,237.49,237.51,237.51,237.48,237.46,237.47,237.48,237.42,237.55,237.46,237.37,237.32,237.28,237.18,237.19,237.15,237.09,237.13,237.12,237.17,237.13,237.23,237.19,237.19,237.25,237.25,237.22,237.16,237.2,237.17,237.13,237.12,237.18,237.16,237.07,237.11
239.21,239.21,239.06,239.03,239,238.97,239.02,239.03,238.99,238.89,238.87,238.85,238.8,238.78,238.72,238.69,238.7,238.68,238.67,238.69,238.68,238.64,238.67,238.66,238.6,238.58,238.53,238.5,238.53,238.55,238.56,238.54,238.54,238.61,238.62,238.61,238.59,238.61,238.53,238.48,238.39,238.39,238.27,238.28,238.2,238.26,238.26,238.2,238.26,238.3,238.3,238.36,238.4,238.43,238.41,238.34,238.27,238.37,238.26,238.2,238.19,238.14,238.18,238.23,238.18,238.16,238.08,237.98,238.03,237.96,237.95,237.96,237.96,237.92,238,238.01,238.04,238.05,238.13,238.05,237.96,237.99,237.98,237.88,237.87,237.87,237.71,237.64,237.6,237.6,237.58,237.5,237.45,237.43,237.36,237.34,237.35,237.41,237.41,237.42,237.44,237.44,237.41,237.39,237.4,237.41,237.34,237.47,237.39,237.3,237.25,237.22,237.11,237.14,237.09,237.04,237.08,237.07,237.12,237.08,237.17,237.13,237.14,237.21,237.2,237.18,237.11,237.14,237.11,237.06,237.05,237.12,237.1,237,237.04
239.15,239.16,239.01,238.98,238.95,238.92,238.97,238.97,238.94,238.84,238.82,238.8,238.73,238.72,238.66,238.64,238.65,238.63,238.61,238.63,238.62,238.58,238.62,238.61,238.54,238.52,238.47,238.44,238.47,238.49,238.5,238.48,238.47,238.55,238.56,238.55,238.52,238.55,238.47,238.42,238.33,238.32,238.21,238.22,238.13,238.2,238.2,238.14,238.19,238.24,238.24,238.3,238.34,238.36,238.35,238.27,238.21,238.3,238.18,238.13,238.12,238.07,238.11,238.16,238.11,238.09,238.01,237.91,237.97,237.89,237.88,237.89,237.89,237.85,237.93,237.95,237.98,237.99,238.06,237.99,237.9,237.91,237.9,237.8,237.79,237.79,237.64,237.58,237.53,237.53,237.51,237.43,237.37,237.36,237.29,237.28,237.29,237.35,237.34,237.36,237.38,237.38,237.35,237.32,237.34,237.34,237.27,237.4,237.32,237.24,237.19,237.15,237.05,237.08,237.04,236.99,237.03,237.03,237.07,237.03,237.12,237.09,237.09,237.16,237.15,237.13,237.06,237.08,237.05,237,236.99,237.05,237.03,236.93,236.97
239.1,239.11,238.96,238.93,238.9,238.87,238.92,238.92,238.89,238.79,238.76,238.74,238.67,238.66,238.6,238.58,238.59,238.58,238.56,238.58,238.57,238.53,238.57,238.56,238.49,238.47,238.41,238.38,238.41,238.42,238.44,238.42,238.41,238.49,238.51,238.49,238.47,238.49,238.41,238.36,238.27,238.26,238.15,238.16,238.08,238.14,238.15,238.08,238.13,238.18,238.19,238.24,238.28,238.3,238.29,238.21,238.14,238.24,238.11,238.06,238.06,238,238.04,238.09,238.04,238.03,237.95,237.84,237.9,237.82,237.81,237.82,237.83,237.78,237.87,237.89,237.92,237.93,238,237.92,237.83,237.84,237.83,237.73,237.71,237.72,237.57,237.51,237.47,237.47,237.45,237.37,237.31,237.29,237.23,237.22,237.23,237.29,237.29,237.3,237.32,237.32,237.28,237.25,237.27,237.28,237.2,237.33,237.25,237.17,237.12,237.09,236.99,237.03,236.99,236.95,236.99,236.98,237.02,236.98,237.08,237.04,237.05,237.12,237.11,237.08,237.01,237.03,237,236.94,236.93,236.99,236.97,236.87,236.91
239.06,239.07,238.91,238.88,238.86,238.82,238.88,238.87,238.84,238.74,238.71,238.69,238.62,238.61,238.55,238.53,238.54,238.53,238.51,238.53,238.52,238.48,238.53,238.51,238.44,238.42,238.36,238.33,238.36,238.37,238.38,238.37,238.36,238.43,238.45,238.44,238.41,238.43,238.35,238.3,238.22,238.2,238.09,238.09,238.02,238.09,238.09,238.02,238.07,238.12,238.13,238.18,238.22,238.24,238.23,238.15,238.08,238.17,238.04,238,237.99,237.94,237.97,238.02,237.97,237.96,237.89,237.78,237.83,237.76,237.74,237.75,237.76,237.72,237.8,237.83,237.86,237.87,237.93,237.86,237.77,237.77,237.76,237.66,237.64,237.64,237.51,237.45,237.41,237.4,237.39,237.31,237.24,237.23,237.17,237.16,237.17,237.23,237.23,237.25,237.26,237.26,237.22,237.19,237.21,237.21,237.14,237.26,237.19,237.11,237.06,237.04,236.94,236.98,236.94,236.91,236.95,236.94,236.97,236.94,237.03,237,237,237.08,237.07,237.04,236.96,236.97,236.94,236.89,236.87,236.93,236.91,236.81,236.84
239.02,239.03,238.87,238.84,238.83,238.78,238.84,238.83,238.8,238.7,238.67,238.65,238.56,238.55,238.5,238.48,238.5,238.49,238.46,238.49,238.48,238.44,238.49,238.47,238.39,238.37,238.3,238.28,238.3,238.31,238.33,238.31,238.3,238.38,238.4,238.39,238.35,238.37,238.3,238.25,238.17,238.15,238.04,238.04,237.97,238.04,238.04,237.96,238.01,238.07,238.07,238.13,238.15,238.18,238.17,238.08,238.02,238.1,237.98,237.93,237.93,237.87,237.9,237.95,237.9,237.9,237.83,237.72,237.77,237.7,237.67,237.69,237.7,237.66,237.74,237.77,237.8,237.81,237.87,237.79,237.71,237.7,237.69,237.59,237.57,237.57,237.45,237.39,237.35,237.34,237.33,237.25,237.18,237.17,237.11,237.11,237.11,237.17,237.18,237.19,237.2,237.2,237.16,237.12,237.14,237.15,237.07,237.19,237.12,237.05,237,236.98,236.88,236.93,236.89,236.87,236.91,236.9,236.93,236.9,236.99,236.95,236.97,237.04,237.03,237,236.92,236.92,236.89,236.83,236.81,236.88,236.85,236.75,236.78
238.98,238.99,238.84,238.81,238.79,238.75,238.8,238.79,238.76,238.67,238.63,238.61,238.52,238.51,238.45,238.44,238.46,238.44,238.42,238.45,238.44,238.39,238.45,238.42,238.35,238.32,238.26,238.24,238.26,238.26,238.28,238.26,238.25,238.33,238.35,238.33,238.3,238.32,238.24,238.2,238.12,238.09,237.98,237.98,237.92,237.99,237.98,237.91,237.95,238.02,238.02,238.07,238.09,238.12,238.11,238.02,237.95,238.03,237.91,237.87,237.87,237.81,237.84,237.88,237.84,237.83,237.77,237.66,237.71,237.64,237.61,237.62,237.64,237.6,237.68,237.72,237.74,237.75,237.8,237.73,237.65,237.64,237.62,237.52,237.5,237.5,237.39,237.34,237.29,237.29,237.28,237.2,237.13,237.11,237.06,237.06,237.06,237.12,237.13,237.14,237.15,237.15,237.1,237.07,237.08,237.09,237,237.12,237.06,236.99,236.94,236.93,236.83,236.88,236.85,236.83,236.87,236.87,236.89,236.86,236.95,236.91,236.93,237.01,236.99,236.96,236.88,236.87,236.84,236.78,236.75,236.82,236.8,236.69,236.73
238.95,238.96,238.81,238.78,238.76,238.72,238.77,238.76,238.73,238.63,238.59,238.57,238.47,238.46,238.41,238.4,238.42,238.41,238.38,238.4,238.4,238.35,238.41,238.38,238.31,238.28,238.21,238.2,238.21,238.21,238.23,238.22,238.2,238.28,238.3,238.29,238.25,238.27,238.19,238.15,238.07,238.04,237.93,237.93,237.87,237.94,237.93,237.86,237.9,237.97,237.97,238.02,238.03,238.06,238.05,237.96,237.9,237.97,237.85,237.81,237.81,237.75,237.77,237.81,237.77,237.77,237.72,237.61,237.65,237.58,237.55,237.56,237.58,237.54,237.62,237.66,237.69,237.69,237.74,237.67,237.59,237.57,237.55,237.46,237.43,237.43,237.34,237.28,237.24,237.24,237.23,237.15,237.07,237.06,237.01,237.01,237.02,237.06,237.08,237.09,237.1,237.1,237.05,237.01,237.03,237.04,236.94,237.06,237,236.94,236.88,236.88,236.79,236.84,236.81,236.8,236.84,236.84,236.85,236.82,236.92,236.88,236.89,236.97,236.95,236.92,236.84,236.83,236.79,236.73,236.7,236.77,236.74,236.64,236.67
238.92,238.93,238.78,238.75,238.74,238.69,238.74,238.72,238.7,238.6,238.56,238.54,238.43,238.42,238.36,238.36,238.38,238.37,238.35,238.37,238.36,238.32,238.38,238.34,238.27,238.25,238.17,238.16,238.17,238.16,238.19,238.17,238.16,238.23,238.26,238.24,238.2,238.22,238.14,238.1,238.03,237.99,237.89,237.87,237.82,237.9,237.89,237.81,237.84,237.92,237.92,237.96,237.98,238,237.99,237.9,237.84,237.91,237.78,237.76,237.75,237.69,237.71,237.75,237.71,237.72,237.67,237.56,237.6,237.53,237.49,237.5,237.53,237.49,237.57,237.61,237.63,237.64,237.68,237.61,237.53,237.51,237.49,237.39,237.37,237.37,237.29,237.23,237.19,237.19,237.18,237.1,237.02,237,236.97,236.97,236.97,237.02,237.04,237.04,237.05,237.05,236.99,236.95,236.97,236.98,236.88,236.99,236.94,236.88,236.83,236.83,236.74,236.8,236.77,236.77,236.81,236.8,236.82,236.79,236.88,236.84,236.86,236.94,236.92,236.89,236.81,236.79,236.75,236.68,236.65,236.72,236.69,236.58,236.62
238.89,238.91,238.75,238.72,238.72,238.66,238.72,238.69,238.67,238.57,238.53,238.51,238.4,238.39,238.33,238.33,238.35,238.34,238.31,238.33,238.33,238.28,238.35,238.31,238.23,238.21,238.13,238.12,238.13,238.12,238.15,238.13,238.11,238.19,238.21,238.2,238.16,238.17,238.1,238.06,237.99,237.94,237.84,237.83,237.78,237.86,237.84,237.76,237.79,237.87,237.87,237.91,237.92,237.94,237.94,237.85,237.78,237.84,237.72,237.7,237.69,237.64,237.65,237.69,237.65,237.66,237.61,237.51,237.54,237.48,237.43,237.45,237.47,237.44,237.51,237.56,237.58,237.59,237.62,237.56,237.48,237.45,237.43,237.33,237.31,237.31,237.24,237.19,237.14,237.14,237.14,237.06,236.98,236.96,236.93,236.93,236.93,236.97,237,236.99,237,237,236.94,236.9,236.92,236.93,236.83,236.94,236.88,236.83,236.78,236.78,236.7,236.76,236.74,236.75,236.78,236.78,236.79,236.76,236.85,236.81,236.83,236.91,236.88,236.86,236.77,236.74,236.71,236.64,236.61,236.68,236.65,236.54,236.57
238.87,238.89,238.73,238.7,238.7,238.64,238.7,238.67,238.64,238.55,238.5,238.48,238.36,238.35,238.29,238.29,238.31,238.31,238.28,238.3,238.3,238.25,238.32,238.27,238.2,238.18,238.1,238.09,238.09,238.08,238.11,238.1,238.07,238.15,238.17,238.15,238.12,238.13,238.05,238.01,237.95,237.9,237.8,237.78,237.74,237.82,237.8,237.72,237.75,237.82,237.82,237.86,237.86,237.88,237.88,237.79,237.73,237.79,237.67,237.65,237.64,237.58,237.6,237.63,237.6,237.61,237.57,237.46,237.49,237.42,237.37,237.39,237.42,237.39,237.46,237.52,237.53,237.53,237.56,237.5,237.42,237.39,237.36,237.28,237.25,237.25,237.2,237.15,237.1,237.1,237.09,237.02,236.93,236.91,236.89,236.89,236.89,236.93,236.96,236.95,236.96,236.96,236.89,236.85,236.87,236.88,236.77,236.88,236.83,236.78,236.73,236.74,236.66,236.73,236.7,236.72,236.75,236.75,236.76,236.73,236.82,236.78,236.8,236.88,236.85,236.83,236.74,236.7,236.67,236.6,236.56,236.63,236.6,236.49,236.53
238.85,238.87,238.71,238.68,238.68,238.62,238.68,238.65,238.62,238.52,238.48,238.45,238.33,238.32,238.26,238.27,238.28,238.28,238.25,238.27,238.27,238.22,238.29,238.24,238.17,238.15,238.06,238.06,238.06,238.05,238.08,238.06,238.04,238.11,238.13,238.11,238.08,238.08,238.01,237.97,237.92,237.86,237.76,237.73,237.7,237.78,237.76,237.68,237.7,237.77,237.77,237.82,237.81,237.83,237.83,237.73,237.67,237.73,237.61,237.59,237.59,237.53,237.54,237.57,237.54,237.55,237.52,237.41,237.44,237.38,237.32,237.34,237.38,237.34,237.41,237.47,237.49,237.48,237.51,237.45,237.37,237.34,237.31,237.23,237.2,237.2,237.15,237.11,237.06,237.06,237.06,236.98,236.89,236.87,236.85,236.85,236.85,236.89,236.92,236.91,236.91,236.91,236.85,236.81,236.82,236.83,236.72,236.82,236.78,236.74,236.68,236.7,236.62,236.7,236.67,236.7,236.73,236.73,236.73,236.71,236.8,236.76,236.78,236.85,236.82,236.8,236.71,236.67,236.63,236.56,236.52,236.59,236.56,236.45,236.49
238.83,238.85,238.7,238.67,238.66,238.6,238.66,238.62,238.6,238.5,238.45,238.43,238.31,238.29,238.23,238.24,238.26,238.25,238.23,238.25,238.24,238.19,238.26,238.21,238.14,238.12,238.04,238.03,238.03,238.01,238.05,238.03,238,238.07,238.1,238.08,238.04,238.04,237.97,237.93,237.88,237.82,237.72,237.69,237.66,237.74,237.72,237.64,237.66,237.73,237.73,237.77,237.76,237.77,237.78,237.68,237.62,237.67,237.56,237.55,237.54,237.48,237.49,237.52,237.49,237.5,237.48,237.37,237.4,237.33,237.27,237.3,237.33,237.3,237.37,237.43,237.44,237.44,237.45,237.4,237.33,237.29,237.25,237.18,237.15,237.15,237.11,237.07,237.02,237.02,237.02,236.94,236.85,236.84,236.82,236.82,236.82,236.85,236.88,236.87,236.87,236.87,236.81,236.76,236.78,236.79,236.68,236.77,236.73,236.69,236.64,236.66,236.59,236.67,236.64,236.68,236.71,236.7,236.7,236.68,236.77,236.73,236.75,236.83,236.79,236.77,236.68,236.63,236.59,236.53,236.48,236.55,236.52,236.41,236.45
238.81,238.83,238.68,238.65,238.65,238.59,238.64,238.61,238.58,238.49,238.43,238.41,238.28,238.27,238.2,238.21,238.23,238.23,238.2,238.22,238.21,238.17,238.24,238.18,238.11,238.09,238.01,238.01,238,237.98,238.02,238,237.97,238.04,238.06,238.04,238,238,237.93,237.9,237.85,237.78,237.68,237.65,237.63,237.71,237.68,237.6,237.61,237.69,237.69,237.72,237.71,237.72,237.73,237.63,237.58,237.62,237.5,237.5,237.49,237.44,237.44,237.47,237.44,237.45,237.44,237.33,237.35,237.29,237.23,237.25,237.29,237.26,237.32,237.39,237.4,237.39,237.4,237.35,237.28,237.24,237.2,237.13,237.1,237.1,237.08,237.04,236.99,236.98,236.99,236.91,236.82,236.8,236.79,236.8,236.79,236.82,236.85,236.84,236.84,236.84,236.76,236.72,236.73,236.75,236.63,236.72,236.68,236.65,236.6,236.62,236.56,236.64,236.62,236.66,236.69,236.68,236.68,236.66,236.75,236.71,236.73,236.8,236.77,236.74,236.65,236.6,236.56,236.49,236.45,236.52,236.48,236.38,236.41
238.8,238.82,238.67,238.64,238.64,238.58,238.63,238.59,238.57,238.47,238.42,238.39,238.26,238.24,238.18,238.19,238.21,238.21,238.18,238.2,238.19,238.14,238.22,238.16,238.09,238.07,237.98,237.99,237.98,237.95,237.99,237.97,237.94,238.01,238.03,238.01,237.96,237.97,237.9,237.86,237.82,237.75,237.65,237.62,237.6,237.67,237.65,237.57,237.58,237.65,237.65,237.68,237.66,237.67,237.68,237.58,237.53,237.57,237.45,237.45,237.45,237.39,237.4,237.42,237.39,237.41,237.4,237.3,237.31,237.25,237.19,237.21,237.25,237.22,237.28,237.35,237.36,237.34,237.35,237.3,237.24,237.19,237.15,237.09,237.05,237.05,237.04,237.01,236.96,236.95,236.96,236.88,236.79,236.77,236.77,236.77,236.76,236.79,236.82,236.8,236.8,236.8,236.73,236.68,236.69,236.71,236.59,236.68,236.64,236.61,236.56,236.59,236.53,236.62,236.59,236.64,236.67,236.67,236.66,236.64,236.73,236.69,236.71,236.78,236.74,236.72,236.63,236.57,236.53,236.46,236.41,236.48,236.45,236.34,236.37
238.78,238.8,238.66,238.63,238.63,238.56,238.62,238.57,238.55,238.45,238.4,238.37,238.24,238.22,238.15,238.17,238.19,238.19,238.16,238.18,238.17,238.12,238.19,238.13,238.06,238.05,237.96,237.97,237.95,237.93,237.97,237.95,237.91,237.98,238,237.98,237.93,237.93,237.87,237.83,237.79,237.71,237.62,237.58,237.57,237.64,237.62,237.53,237.54,237.61,237.61,237.64,237.61,237.62,237.63,237.54,237.48,237.52,237.41,237.41,237.41,237.35,237.35,237.37,237.35,237.37,237.36,237.26,237.27,237.21,237.14,237.17,237.21,237.18,237.24,237.31,237.32,237.3,237.3,237.25,237.19,237.14,237.11,237.04,237.01,237.01,237.01,236.98,236.93,236.92,236.93,236.86,236.76,236.75,236.74,236.75,236.74,236.76,236.79,236.77,236.77,236.77,236.69,236.65,236.66,236.67,236.55,236.63,236.6,236.58,236.53,236.56,236.51,236.59,236.57,236.62,236.65,236.65,236.64,236.62,236.71,236.67,236.69,236.76,236.72,236.69,236.6,236.54,236.5,236.43,236.38,236.45,236.41,236.31,236.34
238.77,238.79,238.65,238.62,238.62,238.55,238.61,238.56,238.54,238.44,238.39,238.36,238.22,238.2,238.13,238.15,238.17,238.17,238.14,238.16,238.15,238.1,238.17,238.11,238.04,238.03,237.94,237.95,237.93,237.9,237.95,237.92,237.89,237.95,237.97,237.95,237.9,237.9,237.83,237.8,237.77,237.68,237.59,237.55,237.54,237.62,237.59,237.5,237.5,237.58,237.57,237.6,237.57,237.58,237.59,237.49,237.44,237.47,237.36,237.37,237.37,237.31,237.31,237.32,237.31,237.32,237.32,237.23,237.24,237.18,237.11,237.13,237.18,237.15,237.21,237.28,237.28,237.26,237.26,237.21,237.16,237.1,237.06,237.01,236.97,236.97,236.99,236.95,236.9,236.9,236.91,236.83,236.73,236.72,236.72,236.73,236.71,236.73,236.77,236.74,236.74,236.73,236.66,236.61,236.62,236.64,236.52,236.59,236.56,236.54,236.49,236.53,236.48,236.57,236.55,236.61,236.63,236.63,236.62,236.61,236.69,236.65,236.67,236.74,236.7,236.67,236.58,236.51,236.47,236.41,236.35,236.42,236.38,236.29,236.31
238.76,238.78,238.64,238.61,238.61,238.54,238.6,238.55,238.53,238.43,238.37,238.35,238.21,238.18,238.12,238.13,238.15,238.15,238.13,238.14,238.13,238.08,238.16,238.09,238.02,238.01,237.92,237.93,237.91,237.88,237.93,237.9,237.86,237.92,237.94,237.92,237.87,237.87,237.81,237.78,237.74,237.66,237.56,237.52,237.51,237.59,237.56,237.48,237.47,237.54,237.53,237.56,237.52,237.53,237.54,237.45,237.4,237.42,237.32,237.34,237.33,237.27,237.27,237.28,237.27,237.29,237.29,237.2,237.2,237.15,237.07,237.1,237.14,237.12,237.18,237.24,237.24,237.22,237.21,237.17,237.12,237.06,237.02,236.97,236.93,236.93,236.96,236.93,236.88,236.87,236.89,236.81,236.71,236.7,236.7,236.71,236.69,236.7,236.74,236.72,236.71,236.71,236.63,236.58,236.59,236.61,236.48,236.56,236.52,236.51,236.46,236.5,236.46,236.55,236.53,236.6,236.62,236.62,236.6,236.59,236.67,236.63,236.66,236.72,236.68,236.65,236.56,236.49,236.44,236.38,236.33,236.4,236.36,236.26,236.29
238.75,238.77,238.63,238.6,238.6,238.54,238.59,238.54,238.52,238.42,238.36,238.33,238.19,238.17,238.1,238.12,238.13,238.14,238.11,238.13,238.11,238.07,238.14,238.07,238,238,237.91,237.92,237.89,237.86,237.91,237.88,237.84,237.9,237.92,237.9,237.85,237.84,237.78,237.75,237.72,237.63,237.54,237.49,237.49,237.57,237.53,237.45,237.44,237.51,237.5,237.53,237.48,237.49,237.5,237.41,237.37,237.38,237.28,237.3,237.29,237.24,237.23,237.24,237.23,237.25,237.26,237.18,237.17,237.12,237.04,237.07,237.11,237.09,237.14,237.21,237.21,237.18,237.17,237.13,237.08,237.02,236.98,236.94,236.9,236.9,236.94,236.91,236.86,236.85,236.87,236.79,236.69,236.68,236.69,236.69,236.67,236.68,236.72,236.69,236.68,236.68,236.6,236.56,236.57,236.58,236.46,236.52,236.49,236.48,236.44,236.48,236.44,236.53,236.51,236.59,236.61,236.61,236.59,236.58,236.66,236.62,236.64,236.7,236.66,236.63,236.54,236.46,236.42,236.36,236.3,236.37,236.33,236.24,236.27
238.74,238.76,238.62,238.59,238.6,238.53,238.59,238.53,238.51,238.41,238.35,238.32,238.18,238.16,238.08,238.1,238.12,238.12,238.1,238.11,238.1,238.05,238.12,238.05,237.99,237.99,237.9,237.91,237.88,237.85,237.89,237.86,237.82,237.88,237.9,237.88,237.82,237.82,237.75,237.73,237.7,237.61,237.52,237.47,237.47,237.54,237.51,237.43,237.41,237.48,237.47,237.49,237.45,237.45,237.46,237.37,237.33,237.34,237.25,237.27,237.26,237.21,237.2,237.21,237.19,237.22,237.23,237.15,237.15,237.09,237.01,237.04,237.09,237.06,237.12,237.18,237.18,237.15,237.13,237.09,237.05,236.99,236.95,236.91,236.87,236.87,236.92,236.89,236.84,236.83,236.86,236.78,236.67,236.67,236.67,236.68,236.66,236.66,236.7,236.67,236.66,236.66,236.57,236.53,236.54,236.56,236.43,236.49,236.46,236.46,236.41,236.46,236.43,236.52,236.5,236.58,236.59,236.6,236.58,236.57,236.64,236.6,236.63,236.69,236.65,236.62,236.52,236.44,236.4,236.34,236.28,236.35,236.31,236.22,236.25
238.74,238.75,238.62,238.58,238.59,238.52,238.58,238.52,238.5,238.4,238.34,238.31,238.17,238.14,238.07,238.09,238.11,238.11,238.09,238.1,238.08,238.04,238.11,238.03,237.98,237.97,237.88,237.9,237.87,237.83,237.88,237.85,237.8,237.86,237.88,237.85,237.8,237.79,237.73,237.71,237.69,237.59,237.5,237.45,237.45,237.52,237.49,237.41,237.39,237.45,237.44,237.46,237.41,237.41,237.43,237.34,237.3,237.31,237.21,237.24,237.23,237.18,237.17,237.18,237.16,237.18,237.21,237.13,237.12,237.06,236.98,237.02,237.06,237.04,237.09,237.16,237.15,237.12,237.09,237.06,237.02,236.96,236.92,236.89,236.84,236.84,236.9,236.87,236.83,236.82,236.84,236.77,236.66,236.65,236.66,236.67,236.64,236.64,236.68,236.65,236.64,236.64,236.55,236.51,236.52,236.54,236.41,236.47,236.44,236.43,236.39,236.44,236.41,236.51,236.49,236.57,236.58,236.59,236.56,236.56,236.63,236.59,236.61,236.67,236.63,236.6,236.51,236.42,236.38,236.32,236.27,236.33,236.29,236.2,236.23
238.73,238.75,238.61,238.58,238.59,238.52,238.57,238.51,238.49,238.39,238.33,238.31,238.16,238.13,238.06,238.08,238.09,238.1,238.08,238.09,238.07,238.02,238.09,238.02,237.96,237.96,237.87,237.89,237.86,237.82,237.87,237.83,237.79,237.84,237.86,237.84,237.78,237.77,237.71,237.69,237.67,237.57,237.48,237.43,237.43,237.5,237.47,237.39,237.37,237.43,237.41,237.43,237.38,237.38,237.39,237.3,237.27,237.27,237.18,237.21,237.21,237.15,237.14,237.15,237.13,237.16,237.18,237.11,237.1,237.04,236.96,237,237.04,237.02,237.07,237.13,237.12,237.09,237.06,237.02,236.99,236.93,236.89,236.86,236.82,236.82,236.89,236.86,236.82,236.81,236.83,236.76,236.64,236.64,236.66,236.66,236.63,236.63,236.67,236.63,236.62,236.62,236.53,236.5,236.5,236.52,236.39,236.45,236.41,236.41,236.37,236.42,236.4,236.5,236.48,236.56,236.58,236.58,236.56,236.55,236.62,236.58,236.6,236.66,236.62,236.58,236.49,236.41,236.36,236.31,236.25,236.32,236.27,236.19,236.21
238.72,238.74,238.6,238.57,238.58,238.51,238.57,238.5,238.48,238.39,238.33,238.3,238.16,238.13,238.05,238.07,238.08,238.09,238.07,238.08,238.06,238.01,238.08,238,237.95,237.96,237.87,237.88,237.85,237.81,237.86,237.82,237.77,237.83,237.84,237.82,237.76,237.75,237.69,237.67,237.66,237.55,237.47,237.41,237.42,237.49,237.45,237.38,237.35,237.4,237.39,237.4,237.34,237.35,237.36,237.27,237.24,237.24,237.16,237.19,237.18,237.13,237.12,237.12,237.1,237.13,237.16,237.1,237.08,237.02,236.94,236.98,237.02,237,237.05,237.11,237.09,237.06,237.02,236.99,236.97,236.91,236.86,236.84,236.8,236.8,236.88,236.85,236.81,236.8,236.82,236.75,236.64,236.63,236.65,236.66,236.62,236.62,236.65,236.62,236.61,236.6,236.52,236.48,236.49,236.5,236.38,236.43,236.39,236.4,236.35,236.41,236.39,236.49,236.47,236.55,236.57,236.58,236.55,236.54,236.61,236.57,236.59,236.64,236.61,236.57,236.48,236.39,236.35,236.29,236.24,236.3,236.26,236.18,236.2
238.72,238.73,238.6,238.57,238.57,238.51,238.56,238.5,238.48,238.38,238.32,238.29,238.15,238.12,238.04,238.06,238.07,238.08,238.06,238.08,238.05,238,238.07,237.99,237.94,237.95,237.86,237.88,237.84,237.8,237.85,237.81,237.76,237.81,237.83,237.81,237.75,237.74,237.68,237.66,237.65,237.54,237.45,237.4,237.4,237.47,237.44,237.37,237.33,237.38,237.36,237.38,237.32,237.32,237.33,237.25,237.22,237.21,237.13,237.17,237.16,237.11,237.1,237.1,237.08,237.11,237.14,237.08,237.06,237.01,236.92,236.96,237,236.99,237.03,237.09,237.07,237.03,237,236.97,236.95,236.88,236.84,236.83,236.78,236.78,236.87,236.84,236.8,236.79,236.82,236.74,236.63,236.63,236.65,236.65,236.62,236.6,236.64,236.61,236.6,236.59,236.5,236.47,236.47,236.49,236.36,236.41,236.38,236.38,236.34,236.4,236.38,236.48,236.46,236.55,236.56,236.57,236.54,236.54,236.6,236.57,236.58,236.63,236.6,236.56,236.47,236.38,236.33,236.28,236.23,236.29,236.25,236.17,236.19
238.71,238.72,238.6,238.56,238.57,238.5,238.56,238.49,238.47,238.38,238.32,238.29,238.15,238.11,238.04,238.06,238.06,238.08,238.06,238.07,238.04,238,238.06,237.98,237.94,237.94,237.86,237.88,237.84,237.8,237.84,237.81,237.75,237.8,237.82,237.8,237.73,237.72,237.67,237.65,237.64,237.53,237.44,237.38,237.39,237.46,237.42,237.36,237.32,237.36,237.34,237.36,237.29,237.29,237.3,237.22,237.2,237.19,237.11,237.15,237.14,237.09,237.08,237.08,237.06,237.09,237.13,237.07,237.05,236.99,236.91,236.95,236.99,236.98,237.02,237.07,237.05,237.01,236.97,236.94,236.93,236.87,236.82,236.82,236.77,236.77,236.86,236.84,236.79,236.78,236.81,236.74,236.63,236.63,236.64,236.65,236.61,236.6,236.63,236.6,236.58,236.58,236.49,236.46,236.47,236.48,236.36,236.4,236.36,236.37,236.33,236.39,236.38,236.48,236.45,236.54,236.56,236.57,236.54,236.53,236.6,236.56,236.58,236.62,236.59,236.55,236.46,236.37,236.32,236.27,236.22,236.28,236.24,236.16,236.19
238.71,238.72,238.59,238.56,238.56,238.5,238.55,238.49,238.46,238.37,238.31,238.28,238.15,238.11,238.03,238.05,238.06,238.07,238.06,238.07,238.04,237.99,238.05,237.97,237.93,237.94,237.85,237.88,237.83,237.8,237.84,237.8,237.75,237.79,237.81,237.79,237.72,237.71,237.66,237.64,237.63,237.52,237.43,237.37,237.38,237.45,237.41,237.35,237.31,237.34,237.33,237.34,237.27,237.26,237.28,237.2,237.18,237.17,237.09,237.13,237.13,237.08,237.06,237.06,237.04,237.07,237.11,237.06,237.03,236.98,236.9,236.94,236.98,236.97,237,237.06,237.03,236.99,236.94,236.92,236.91,236.85,236.81,236.81,236.76,236.76,236.86,236.84,236.79,236.78,236.81,236.74,236.63,236.63,236.65,236.65,236.61,236.59,236.63,236.59,236.58,236.57,236.49,236.46,236.46,236.48,236.35,236.39,236.35,236.36,236.32,236.38,236.38,236.47,236.45,236.54,236.55,236.57,236.54,236.53,236.59,236.56,236.57,236.61,236.58,236.54,236.45,236.36,236.31,236.27,236.21,236.27,236.23,236.16,236.18
238.7,238.71,238.59,238.55,238.56,238.49,238.55,238.49,238.46,238.37,238.31,238.28,238.15,238.11,238.03,238.05,238.05,238.07,238.06,238.07,238.03,237.98,238.04,237.96,237.93,237.94,237.85,237.88,237.83,237.79,237.84,237.79,237.74,237.79,237.8,237.78,237.71,237.7,237.65,237.64,237.63,237.51,237.43,237.37,237.38,237.44,237.41,237.35,237.3,237.33,237.31,237.32,237.25,237.24,237.25,237.18,237.16,237.15,237.08,237.12,237.11,237.07,237.05,237.05,237.03,237.05,237.1,237.06,237.03,236.97,236.89,236.94,236.97,236.96,237,237.05,237.01,236.97,236.92,236.9,236.89,236.84,236.8,236.8,236.75,236.76,236.86,236.84,236.79,236.78,236.81,236.74,236.63,236.63,236.65,236.66,236.61,236.59,236.62,236.59,236.57,236.56,236.48,236.45,236.46,236.48,236.35,236.39,236.35,236.36,236.32,236.38,236.38,236.47,236.45,236.54,236.55,236.57,236.54,236.53,236.59,236.56,236.56,236.61,236.57,236.53,236.44,236.35,236.3,236.26,236.21,236.27,236.22,236.16,236.18
238.7,238.7,238.58,238.55,238.55,238.49,238.55,238.48,238.46,238.37,238.31,238.27,238.15,238.11,238.03,238.05,238.05,238.07,238.06,238.07,238.03,237.98,238.03,237.95,237.92,237.94,237.86,237.88,237.83,237.79,237.84,237.79,237.74,237.78,237.8,237.78,237.71,237.69,237.64,237.63,237.62,237.51,237.43,237.36,237.37,237.44,237.4,237.34,237.29,237.32,237.3,237.31,237.23,237.22,237.23,237.17,237.15,237.14,237.07,237.11,237.11,237.06,237.05,237.04,237.02,237.04,237.09,237.05,237.02,236.97,236.89,236.93,236.97,236.96,236.99,237.04,237,236.96,236.91,236.89,236.88,236.83,236.79,236.8,236.75,236.76,236.86,236.84,236.8,236.78,236.82,236.74,236.63,236.64,236.65,236.66,236.61,236.59,236.62,236.59,236.57,236.56,236.48,236.46,236.46,236.48,236.35,236.38,236.34,236.35,236.32,236.38,236.38,236.47,236.45,236.54,236.55,236.57,236.54,236.53,236.59,236.55,236.56,236.6,236.57,236.52,236.43,236.34,236.3,236.26,236.21,236.26,236.22,236.16,236.18
238.69,238.7,238.58,238.55,238.55,238.48,238.54,238.48,238.45,238.37,238.31,238.27,238.15,238.11,238.03,238.05,238.05,238.06,238.06,238.07,238.03,237.98,238.02,237.95,237.92,237.94,237.86,237.88,237.84,237.8,237.84,237.79,237.74,237.78,237.79,237.77,237.7,237.69,237.64,237.63,237.62,237.51,237.42,237.36,237.37,237.43,237.4,237.35,237.29,237.31,237.29,237.29,237.22,237.21,237.22,237.16,237.14,237.13,237.06,237.1,237.1,237.06,237.04,237.04,237.01,237.03,237.09,237.05,237.02,236.96,236.89,236.93,236.96,236.96,236.99,237.03,236.99,236.94,236.89,236.87,236.87,236.83,236.79,236.8,236.75,236.76,236.86,236.84,236.8,236.79,236.82,236.75,236.64,236.65,236.66,236.67,236.62,236.59,236.62,236.59,236.57,236.56,236.48,236.46,236.46,236.48,236.36,236.39,236.34,236.36,236.32,236.38,236.38,236.48,236.45,236.54,236.55,236.57,236.54,236.53,236.59,236.55,236.56,236.59,236.56,236.52,236.42,236.34,236.29,236.26,236.21,236.26,236.22,236.16,236.19
238.69,238.69,238.58,238.54,238.54,238.48,238.54,238.48,238.45,238.37,238.31,238.27,238.16,238.11,238.03,238.05,238.04,238.06,238.06,238.07,238.03,237.98,238.02,237.95,237.92,237.94,237.86,237.89,237.84,237.8,237.84,237.79,237.74,237.78,237.79,237.77,237.7,237.69,237.64,237.63,237.62,237.51,237.43,237.36,237.37,237.43,237.4,237.35,237.29,237.3,237.28,237.28,237.21,237.2,237.21,237.15,237.14,237.12,237.05,237.1,237.1,237.05,237.04,237.03,237.01,237.03,237.09,237.05,237.02,236.96,236.89,236.94,236.96,236.96,236.99,237.03,236.98,236.94,236.88,236.86,236.87,236.82,236.79,236.8,236.75,236.76,236.87,236.85,236.81,236.79,236.83,236.76,236.65,236.66,236.67,236.68,236.62,236.59,236.62,236.59,236.58,236.56,236.49,236.47,236.47,236.49,236.37,236.39,236.35,236.36,236.32,236.38,236.39,236.48,236.45,236.54,236.55,236.58,236.54,236.53,236.59,236.56,236.55,236.59,236.56,236.51,236.42,236.34,236.29,236.26,236.22,236.27,236.22,236.17,236.19
238.69,238.69,238.58,238.54,238.54,238.48,238.54,238.48,238.45,238.37,238.31,238.27,238.16,238.12,238.04,238.05,238.04,238.07,238.07,238.07,238.03,237.98,238.01,237.95,237.92,237.95,237.87,237.89,237.85,237.81,237.85,237.79,237.74,237.78,237.79,237.78,237.7,237.69,237.64,237.63,237.63,237.52,237.43,237.37,237.37,237.43,237.4,237.35,237.29,237.29,237.27,237.28,237.2,237.19,237.2,237.14,237.14,237.11,237.05,237.1,237.1,237.05,237.04,237.04,237.01,237.03,237.09,237.06,237.02,236.97,236.9,236.95,236.97,236.97,236.99,237.03,236.98,236.93,236.87,236.86,236.87,236.83,236.79,236.81,236.76,236.77,236.88,236.86,236.82,236.8,236.84,236.77,236.67,236.68,236.68,236.69,236.63,236.6,236.62,236.6,236.58,236.57,236.49,236.48,236.48,236.5,236.39,236.4,236.35,236.36,236.33,236.39,236.4,236.49,236.46,236.54,236.55,236.58,236.55,236.54,236.59,236.56,236.55,236.59,236.56,236.51,236.42,236.33,236.29,236.26,236.22,236.27,236.23,236.18,236.2
238.69,238.68,238.57,238.53,238.53,238.48,238.54,238.48,238.44,238.37,238.31,238.27,238.17,238.13,238.04,238.05,238.05,238.07,238.07,238.08,238.03,237.98,238.01,237.95,237.93,237.96,237.88,237.9,237.85,237.82,237.86,237.8,237.75,237.79,237.8,237.78,237.7,237.69,237.64,237.64,237.63,237.52,237.43,237.37,237.38,237.44,237.4,237.36,237.3,237.29,237.27,237.28,237.19,237.18,237.19,237.14,237.14,237.11,237.06,237.1,237.1,237.06,237.05,237.04,237.01,237.03,237.09,237.07,237.03,236.97,236.91,236.96,236.97,236.98,237,237.03,236.97,236.93,236.87,236.85,236.87,236.83,236.8,236.82,236.77,236.78,236.89,236.87,236.83,236.82,236.85,236.79,236.68,236.69,236.7,236.71,236.64,236.61,236.63,236.61,236.59,236.58,236.51,236.49,236.5,236.52,236.4,236.42,236.36,236.37,236.34,236.4,236.41,236.5,236.46,236.55,236.56,236.59,236.56,236.54,236.6,236.56,236.55,236.58,236.56,236.51,236.42,236.34,236.3,236.27,236.23,236.28,236.24,236.19,236.22
238.69,238.68,238.57,238.53,238.53,238.47,238.54,238.48,238.44,238.37,238.31,238.27,238.18,238.13,238.05,238.06,238.05,238.07,238.08,238.09,238.03,237.99,238.01,237.95,237.93,237.96,237.89,237.91,237.86,237.83,237.86,237.81,237.75,237.79,237.8,237.79,237.71,237.7,237.65,237.65,237.64,237.53,237.44,237.38,237.38,237.44,237.41,237.38,237.31,237.29,237.27,237.28,237.19,237.18,237.19,237.14,237.14,237.12,237.06,237.11,237.11,237.07,237.06,237.05,237.02,237.03,237.09,237.08,237.04,236.98,236.92,236.97,236.98,236.99,237.01,237.03,236.97,236.93,236.86,236.85,236.87,236.84,236.81,236.84,236.78,236.8,236.9,236.89,236.85,236.83,236.87,236.8,236.7,236.72,236.72,236.72,236.66,236.62,236.64,236.62,236.6,236.59,236.52,236.51,236.52,236.53,236.42,236.44,236.38,236.39,236.35,236.41,236.42,236.51,236.47,236.55,236.56,236.59,236.56,236.55,236.6,236.57,236.56,236.58,236.56,236.51,236.42,236.34,236.3,236.28,236.25,236.29,236.25,236.21,236.23
238.68,238.67,238.57,238.53,238.52,238.47,238.53,238.48,238.44,238.37,238.32,238.28,238.19,238.14,238.06,238.07,238.05,238.08,238.09,238.1,238.04,237.99,238.01,237.95,237.94,237.97,237.9,237.92,237.88,237.84,237.87,237.81,237.76,237.8,237.81,237.8,237.71,237.7,237.66,237.66,237.65,237.55,237.45,237.39,237.39,237.45,237.42,237.39,237.32,237.3,237.27,237.28,237.2,237.18,237.19,237.15,237.15,237.12,237.07,237.12,237.12,237.08,237.07,237.06,237.03,237.04,237.1,237.09,237.05,236.99,236.93,236.99,237,237.01,237.02,237.04,236.98,236.93,236.87,236.86,236.88,236.85,236.83,236.86,236.8,236.82,236.92,236.9,236.87,236.85,236.89,236.82,236.72,236.74,236.73,236.74,236.68,236.63,236.65,236.64,236.62,236.6,236.54,236.53,236.54,236.55,236.45,236.46,236.39,236.4,236.37,236.42,236.44,236.52,236.48,236.56,236.57,236.6,236.58,236.56,236.61,236.58,236.56,236.59,236.57,236.51,236.42,236.35,236.31,236.29,236.26,236.3,236.26,236.22,236.25
238.68,238.67,238.57,238.53,238.52,238.47,238.53,238.49,238.44,238.38,238.32,238.28,238.2,238.16,238.07,238.08,238.06,238.09,238.1,238.11,238.05,238,238.01,237.96,237.95,237.99,237.91,237.93,237.89,237.86,237.89,237.82,237.78,237.81,237.82,237.81,237.72,237.71,237.67,237.67,237.66,237.56,237.47,237.41,237.4,237.46,237.43,237.41,237.33,237.3,237.28,237.28,237.2,237.19,237.19,237.16,237.16,237.14,237.08,237.13,237.13,237.09,237.09,237.08,237.04,237.05,237.11,237.1,237.07,237.01,236.95,237.01,237.01,237.02,237.04,237.05,236.99,236.94,236.87,236.86,236.89,236.87,236.84,236.88,236.82,236.84,236.94,236.92,236.89,236.87,236.91,236.84,236.75,236.76,236.76,236.76,236.69,236.65,236.67,236.65,236.64,236.62,236.56,236.56,236.56,236.58,236.48,236.48,236.41,236.42,236.39,236.44,236.46,236.53,236.49,236.57,236.58,236.61,236.59,236.57,236.62,236.59,236.56,236.59,236.57,236.52,236.42,236.35,236.31,236.3,236.28,236.31,236.27,236.24,236.27
238.69,238.67,238.57,238.53,238.52,238.47,238.53,238.49,238.45,238.38,238.33,238.29,238.22,238.17,238.09,238.09,238.07,238.1,238.12,238.12,238.06,238.01,238.02,237.97,237.96,238,237.93,237.95,237.91,237.87,237.9,237.84,237.79,237.82,237.84,237.83,237.73,237.73,237.68,237.69,237.68,237.58,237.48,237.42,237.42,237.47,237.45,237.43,237.35,237.31,237.29,237.29,237.21,237.2,237.2,237.17,237.17,237.15,237.1,237.15,237.15,237.11,237.11,237.1,237.06,237.07,237.13,237.12,237.08,237.03,236.98,237.04,237.03,237.05,237.06,237.06,236.99,236.95,236.88,236.87,236.9,236.89,236.87,236.9,236.85,236.87,236.96,236.95,236.91,236.9,236.93,236.87,236.78,236.79,236.78,236.79,236.72,236.67,236.69,236.68,236.66,236.64,236.58,236.58,236.59,236.61,236.51,236.51,236.44,236.44,236.41,236.46,236.48,236.55,236.51,236.58,236.59,236.63,236.6,236.58,236.63,236.6,236.57,236.59,236.58,236.52,236.43,236.36,236.32,236.32,236.3,236.33,236.29,236.26,236.29
238.69,238.67,238.57,238.53,238.52,238.47,238.54,238.49,238.45,238.39,238.34,238.3,238.23,238.19,238.1,238.1,238.08,238.11,238.13,238.14,238.07,238.02,238.02,237.98,237.98,238.01,237.95,237.97,237.93,237.89,237.92,237.85,237.81,237.84,237.85,237.84,237.75,237.74,237.7,237.71,237.69,237.6,237.5,237.44,237.43,237.49,237.46,237.45,237.37,237.32,237.3,237.31,237.23,237.21,237.21,237.19,237.19,237.17,237.12,237.17,237.17,237.13,237.13,237.12,237.08,237.08,237.14,237.14,237.11,237.05,237,237.07,237.05,237.07,237.08,237.08,237.01,236.96,236.9,236.89,236.92,236.91,236.89,236.93,236.88,236.9,236.99,236.97,236.94,236.92,236.96,236.89,236.81,236.82,236.81,236.82,236.74,236.69,236.71,236.7,236.68,236.67,236.61,236.61,236.62,236.64,236.54,236.54,236.46,236.47,236.44,236.48,236.5,236.57,236.52,236.59,236.6,236.64,236.62,236.59,236.64,236.61,236.58,236.6,236.59,236.53,236.43,236.38,236.34,236.33,236.32,236.35,236.31,236.29,236.31
238.69,238.66,238.57,238.53,238.51,238.47,238.54,238.5,238.45,238.4,238.35,238.31,238.25,238.21,238.12,238.12,238.09,238.12,238.15,238.16,238.08,238.04,238.03,237.99,237.99,238.03,237.97,237.99,237.94,237.91,237.94,237.87,237.82,237.86,237.87,237.86,237.77,237.76,237.72,237.73,237.71,237.62,237.52,237.47,237.45,237.51,237.48,237.47,237.4,237.34,237.32,237.32,237.24,237.23,237.22,237.21,237.22,237.19,237.15,237.2,237.19,237.16,237.16,237.15,237.1,237.1,237.17,237.17,237.13,237.07,237.03,237.1,237.08,237.1,237.1,237.1,237.02,236.98,236.91,236.9,236.94,236.94,236.92,236.96,236.91,236.93,237.02,237,236.97,236.95,236.99,236.92,236.84,236.86,236.84,236.84,236.77,236.72,236.73,236.73,236.71,236.7,236.64,236.65,236.66,236.67,236.58,236.58,236.5,236.49,236.46,236.51,236.52,236.59,236.54,236.6,236.61,236.66,236.63,236.61,236.65,236.62,236.59,236.6,236.6,236.54,236.44,236.39,236.35,236.35,236.34,236.37,236.33,236.31,236.34
238.7,238.66,238.58,238.53,238.51,238.48,238.54,238.51,238.46,238.41,238.36,238.32,238.27,238.23,238.14,238.13,238.11,238.14,238.17,238.18,238.1,238.05,238.04,238,238.01,238.05,237.99,238.01,237.97,237.94,237.96,237.89,237.84,237.88,237.89,237.88,237.79,237.78,237.74,237.75,237.73,237.65,237.55,237.49,237.47,237.53,237.51,237.5,237.42,237.36,237.34,237.34,237.26,237.25,237.24,237.24,237.24,237.22,237.17,237.22,237.22,237.19,237.19,237.18,237.13,237.13,237.19,237.19,237.16,237.1,237.06,237.13,237.11,237.13,237.13,237.12,237.05,237,236.93,236.93,236.96,236.97,236.96,237,236.95,236.97,237.05,237.03,237,236.98,237.02,236.95,236.88,236.9,236.87,236.88,236.8,236.75,236.76,236.76,236.74,236.73,236.67,236.69,236.7,236.71,236.62,236.62,236.53,236.52,236.49,236.53,236.55,236.61,236.56,236.61,236.62,236.67,236.65,236.62,236.66,236.64,236.6,236.61,236.61,236.55,236.45,236.41,236.37,236.37,236.37,236.39,236.36,236.34,236.37
238.7,238.67,238.58,238.53,238.51,238.48,238.55,238.52,238.47,238.42,238.37,238.33,238.3,238.25,238.16,238.15,238.12,238.15,238.19,238.2,238.12,238.07,238.05,238.02,238.03,238.07,238.01,238.03,237.99,237.96,237.98,237.91,237.87,237.9,237.91,237.91,237.81,237.81,237.76,237.78,237.76,237.67,237.57,237.52,237.5,237.55,237.53,237.53,237.46,237.38,237.36,237.37,237.29,237.28,237.27,237.26,237.27,237.25,237.21,237.25,237.25,237.22,237.22,237.22,237.16,237.16,237.22,237.22,237.19,237.13,237.1,237.17,237.14,237.16,237.17,237.15,237.07,237.02,236.96,236.95,236.99,237.01,237,237.04,236.99,237.01,237.08,237.06,237.03,237.02,237.05,236.99,236.92,236.94,236.9,236.91,236.83,236.78,236.78,236.79,236.78,236.76,236.71,236.73,236.74,236.75,236.67,236.66,236.57,236.56,236.53,236.56,236.58,236.64,236.59,236.63,236.64,236.69,236.67,236.64,236.68,236.65,236.61,236.62,236.63,236.56,236.47,236.43,236.39,236.4,236.4,236.42,236.39,236.37,236.4
238.71,238.67,238.59,238.54,238.52,238.49,238.56,238.53,238.48,238.44,238.39,238.35,238.32,238.27,238.19,238.18,238.14,238.17,238.22,238.22,238.14,238.09,238.07,238.04,238.05,238.1,238.04,238.05,238.02,237.99,238.01,237.93,237.89,237.93,237.94,237.94,237.83,237.84,237.79,237.81,237.78,237.71,237.6,237.55,237.53,237.58,237.56,237.57,237.49,237.41,237.38,237.39,237.32,237.31,237.29,237.3,237.31,237.28,237.24,237.29,237.29,237.25,237.26,237.26,237.19,237.19,237.25,237.26,237.23,237.17,237.14,237.21,237.17,237.2,237.2,237.18,237.1,237.05,236.99,236.98,237.02,237.05,237.04,237.08,237.03,237.05,237.12,237.1,237.07,237.05,237.09,237.03,236.96,236.98,236.94,236.95,236.87,236.82,236.82,236.83,236.81,236.8,236.75,236.77,236.78,236.79,236.71,236.7,236.61,236.59,236.57,236.6,236.61,236.67,236.61,236.65,236.66,236.71,236.69,236.66,236.7,236.67,236.62,236.64,236.64,236.57,236.48,236.45,236.41,236.42,236.43,236.45,236.42,236.41,236.44
238.72,238.68,238.59,238.55,238.52,238.5,238.56,238.55,238.49,238.46,238.41,238.36,238.35,238.3,238.21,238.2,238.16,238.2,238.24,238.25,238.16,238.12,238.08,238.06,238.08,238.13,238.07,238.08,238.05,238.02,238.03,237.96,237.92,237.95,237.97,237.97,237.86,237.87,237.82,237.84,237.81,237.74,237.63,237.59,237.56,237.61,237.59,237.6,237.53,237.44,237.41,237.42,237.35,237.34,237.32,237.34,237.34,237.32,237.28,237.33,237.33,237.29,237.31,237.3,237.23,237.23,237.28,237.29,237.27,237.21,237.18,237.26,237.21,237.24,237.24,237.21,237.13,237.08,237.02,237.01,237.06,237.09,237.08,237.12,237.08,237.1,237.16,237.14,237.11,237.1,237.13,237.07,237,237.02,236.98,236.99,236.91,236.86,236.85,236.87,236.86,236.84,236.8,236.82,236.83,236.84,236.76,236.75,236.65,236.63,236.61,236.63,236.64,236.7,236.64,236.67,236.68,236.73,236.72,236.68,236.72,236.69,236.64,236.65,236.66,236.59,236.5,236.47,236.44,236.45,236.47,236.48,236.45,236.44,236.47
238.73,238.68,238.6,238.56,238.53,238.51,238.58,238.56,238.5,238.47,238.43,238.38,238.38,238.33,238.24,238.23,238.19,238.22,238.27,238.28,238.19,238.14,238.11,238.09,238.11,238.15,238.1,238.11,238.08,238.06,238.06,237.99,237.95,237.98,238,238,237.89,237.9,237.85,237.87,237.84,237.78,237.67,237.62,237.59,237.64,237.63,237.64,237.57,237.47,237.45,237.46,237.39,237.38,237.36,237.38,237.39,237.37,237.33,237.37,237.37,237.34,237.35,237.35,237.28,237.27,237.32,237.33,237.31,237.25,237.23,237.31,237.25,237.29,237.29,237.25,237.16,237.12,237.06,237.05,237.1,237.13,237.13,237.17,237.13,237.15,237.2,237.18,237.15,237.14,237.17,237.11,237.05,237.07,237.02,237.03,236.95,236.9,236.89,236.91,236.9,236.88,236.84,236.87,236.88,236.89,236.82,236.8,236.7,236.67,236.65,236.67,236.68,236.73,236.67,236.69,236.7,236.76,236.74,236.7,236.74,236.71,236.66,236.67,236.68,236.61,236.52,236.5,236.46,236.48,236.5,236.52,236.48,236.48,236.51
238.74,238.69,238.62,238.57,238.54,238.52,238.59,238.58,238.52,238.5,238.45,238.41,238.41,238.37,238.28,238.26,238.22,238.25,238.3,238.31,238.22,238.17,238.13,238.12,238.14,238.19,238.13,238.14,238.11,238.09,238.09,238.02,237.99,238.02,238.03,238.03,237.92,237.94,237.89,237.91,237.87,237.81,237.71,237.66,237.63,237.67,237.66,237.69,237.61,237.5,237.48,237.5,237.43,237.42,237.4,237.42,237.43,237.41,237.38,237.42,237.42,237.38,237.4,237.4,237.32,237.31,237.36,237.38,237.36,237.29,237.28,237.36,237.3,237.34,237.33,237.29,237.2,237.16,237.11,237.09,237.14,237.18,237.19,237.23,237.19,237.21,237.25,237.22,237.2,237.19,237.22,237.16,237.1,237.13,237.07,237.07,237,236.94,236.94,236.96,236.95,236.93,236.9,236.92,236.93,236.94,236.87,236.86,236.75,236.72,236.7,236.71,236.72,236.76,236.7,236.71,236.72,236.78,236.77,236.73,236.76,236.74,236.68,236.69,236.7,236.63,236.54,236.52,236.49,236.51,236.54,236.55,236.52,236.52,236.55
238.76,238.71,238.63,238.58,238.55,238.54,238.61,238.6,238.54,238.52,238.48,238.44,238.45,238.4,238.31,238.29,238.25,238.28,238.34,238.34,238.25,238.21,238.16,238.15,238.17,238.22,238.17,238.18,238.15,238.13,238.13,238.05,238.02,238.05,238.07,238.07,237.96,237.97,237.92,237.95,237.91,237.86,237.75,237.71,237.67,237.71,237.71,237.73,237.66,237.54,237.52,237.54,237.48,237.47,237.45,237.47,237.48,237.47,237.43,237.47,237.47,237.43,237.46,237.45,237.37,237.36,237.41,237.42,237.41,237.34,237.34,237.41,237.35,237.39,237.38,237.33,237.25,237.21,237.15,237.14,237.19,237.24,237.25,237.28,237.24,237.26,237.3,237.27,237.24,237.23,237.26,237.21,237.16,237.18,237.11,237.12,237.04,236.99,236.98,237.01,237,236.98,236.95,236.98,236.99,237,236.93,236.91,236.8,236.77,236.74,236.75,236.76,236.8,236.73,236.74,236.75,236.81,236.8,236.76,236.79,236.76,236.7,236.71,236.73,236.65,236.57,236.55,236.52,236.55,236.58,236.59,236.56,236.56,236.6
238.78,238.72,238.65,238.6,238.56,238.56,238.63,238.63,238.56,238.55,238.51,238.47,238.49,238.44,238.35,238.33,238.28,238.31,238.37,238.38,238.29,238.24,238.19,238.19,238.21,238.26,238.2,238.22,238.19,238.17,238.17,238.09,238.06,238.09,238.11,238.11,238,238.02,237.97,237.99,237.95,237.9,237.79,237.75,237.71,237.75,237.75,237.78,237.71,237.59,237.57,237.59,237.53,237.52,237.5,237.53,237.54,237.52,237.48,237.52,237.52,237.49,237.51,237.51,237.43,237.41,237.45,237.47,237.46,237.39,237.39,237.47,237.4,237.44,237.44,237.38,237.3,237.26,237.21,237.19,237.24,237.3,237.31,237.34,237.31,237.32,237.35,237.32,237.3,237.29,237.31,237.26,237.21,237.24,237.16,237.17,237.1,237.05,237.03,237.06,237.05,237.04,237.01,237.04,237.05,237.06,236.99,236.97,236.86,236.82,236.8,236.8,236.8,236.84,236.77,236.77,236.77,236.84,236.83,236.79,236.81,236.79,236.72,236.73,236.75,236.68,236.6,236.59,236.56,236.59,236.63,236.63,236.6,236.61,236.64
238.8,238.74,238.67,238.62,238.58,238.58,238.65,238.66,238.59,238.58,238.54,238.5,238.53,238.49,238.39,238.37,238.32,238.35,238.41,238.42,238.33,238.28,238.22,238.23,238.25,238.3,238.25,238.26,238.23,238.22,238.21,238.13,238.1,238.13,238.15,238.16,238.04,238.06,238.01,238.04,237.99,237.95,237.84,237.8,237.75,237.8,237.8,237.83,237.76,237.64,237.62,237.64,237.58,237.58,237.55,237.59,237.6,237.58,237.54,237.58,237.58,237.55,237.57,237.57,237.49,237.47,237.51,237.52,237.52,237.45,237.45,237.53,237.46,237.5,237.5,237.43,237.35,237.31,237.26,237.25,237.3,237.36,237.37,237.4,237.37,237.39,237.4,237.37,237.35,237.34,237.37,237.31,237.28,237.3,237.22,237.23,237.15,237.1,237.09,237.12,237.11,237.1,237.07,237.1,237.11,237.12,237.06,237.04,236.92,236.87,236.85,236.85,236.85,236.88,236.81,236.8,236.81,236.87,236.87,236.82,236.84,236.82,236.75,236.76,236.78,236.71,236.63,236.62,236.59,236.63,236.67,236.68,236.65,236.65,236.69
238.83,238.76,238.69,238.64,238.6,238.6,238.67,238.69,238.62,238.61,238.58,238.54,238.58,238.53,238.44,238.41,238.36,238.39,238.46,238.46,238.37,238.33,238.26,238.27,238.29,238.34,238.29,238.3,238.28,238.26,238.25,238.17,238.15,238.18,238.2,238.2,238.09,238.11,238.06,238.09,238.04,238,237.89,237.85,237.8,237.84,237.85,237.89,237.82,237.69,237.67,237.69,237.64,237.64,237.61,237.65,237.66,237.65,237.61,237.64,237.64,237.61,237.64,237.63,237.55,237.53,237.56,237.58,237.58,237.51,237.52,237.6,237.52,237.56,237.56,237.49,237.41,237.37,237.32,237.31,237.36,237.42,237.44,237.47,237.44,237.45,237.46,237.43,237.41,237.4,237.43,237.37,237.34,237.36,237.28,237.29,237.21,237.17,237.15,237.18,237.18,237.16,237.13,237.17,237.18,237.19,237.13,237.1,236.98,236.93,236.91,236.9,236.9,236.93,236.85,236.83,236.84,236.91,236.9,236.85,236.87,236.86,236.78,236.78,236.81,236.74,236.66,236.66,236.63,236.67,236.72,236.72,236.7,236.7,236.74
238.86,238.79,238.72,238.67,238.63,238.63,238.7,238.72,238.65,238.65,238.62,238.58,238.63,238.59,238.49,238.46,238.4,238.44,238.5,238.51,238.42,238.37,238.3,238.32,238.34,238.39,238.34,238.35,238.32,238.31,238.29,238.22,238.2,238.23,238.25,238.25,238.13,238.16,238.11,238.14,238.08,238.05,237.94,237.91,237.86,237.89,237.9,237.95,237.88,237.74,237.73,237.75,237.71,237.7,237.67,237.72,237.73,237.71,237.68,237.71,237.71,237.68,237.71,237.7,237.62,237.6,237.62,237.64,237.64,237.57,237.59,237.67,237.58,237.63,237.62,237.55,237.47,237.44,237.39,237.37,237.42,237.49,237.52,237.54,237.51,237.52,237.52,237.49,237.47,237.47,237.49,237.43,237.41,237.43,237.34,237.35,237.28,237.23,237.21,237.25,237.24,237.22,237.2,237.24,237.25,237.26,237.2,237.17,237.04,236.99,236.97,236.95,236.95,236.97,236.89,236.87,236.87,236.94,236.94,236.89,236.91,236.89,236.81,236.82,236.84,236.77,236.7,236.7,236.68,236.72,236.77,236.77,236.75,236.76,236.79
238.89,238.82,238.75,238.7,238.66,238.67,238.74,238.76,238.69,238.7,238.66,238.63,238.68,238.64,238.55,238.51,238.45,238.49,238.55,238.56,238.47,238.43,238.35,238.37,238.39,238.44,238.39,238.4,238.38,238.37,238.34,238.27,238.25,238.28,238.3,238.3,238.18,238.21,238.16,238.19,238.13,238.11,238,237.97,237.91,237.95,237.96,238.01,237.94,237.8,237.79,237.82,237.78,237.78,237.74,237.8,237.8,237.79,237.75,237.78,237.78,237.75,237.78,237.78,237.69,237.67,237.69,237.7,237.71,237.64,237.66,237.74,237.65,237.7,237.69,237.62,237.53,237.5,237.46,237.44,237.49,237.57,237.59,237.61,237.59,237.6,237.59,237.56,237.53,237.53,237.55,237.5,237.48,237.5,237.4,237.41,237.35,237.3,237.28,237.32,237.31,237.3,237.28,237.31,237.32,237.33,237.27,237.24,237.11,237.05,237.03,237,237,237.02,236.94,236.91,236.91,236.98,236.98,236.92,236.94,236.93,236.85,236.85,236.88,236.81,236.74,236.75,236.72,236.77,236.83,236.82,236.8,236.81,236.85
238.93,238.85,238.78,238.73,238.7,238.71,238.78,238.81,238.74,238.74,238.71,238.68,238.74,238.7,238.6,238.56,238.51,238.54,238.6,238.61,238.53,238.48,238.4,238.42,238.45,238.5,238.45,238.45,238.43,238.42,238.39,238.32,238.31,238.33,238.35,238.36,238.24,238.27,238.21,238.25,238.19,238.17,238.05,238.03,237.97,238,238.02,238.07,238.01,237.87,237.85,237.89,237.85,237.85,237.82,237.87,237.88,237.87,237.83,237.85,237.86,237.82,237.86,237.85,237.76,237.74,237.76,237.77,237.78,237.72,237.73,237.81,237.72,237.77,237.76,237.69,237.61,237.58,237.54,237.52,237.56,237.64,237.67,237.69,237.67,237.68,237.65,237.62,237.6,237.6,237.62,237.57,237.55,237.57,237.47,237.48,237.42,237.38,237.35,237.39,237.39,237.37,237.35,237.38,237.39,237.4,237.34,237.31,237.18,237.12,237.1,237.06,237.06,237.08,236.99,236.96,236.96,237.02,237.02,236.97,236.98,236.97,236.89,236.89,236.92,236.84,236.78,236.8,236.77,236.82,236.88,236.88,236.86,236.87,236.9
238.97,238.89,238.82,238.78,238.74,238.75,238.82,238.86,238.79,238.8,238.77,238.74,238.8,238.76,238.67,238.62,238.56,238.6,238.66,238.67,238.59,238.54,238.46,238.48,238.5,238.56,238.51,238.51,238.49,238.48,238.45,238.37,238.37,238.39,238.41,238.42,238.3,238.33,238.27,238.31,238.24,238.23,238.12,238.09,238.04,238.06,238.08,238.14,238.08,237.94,237.92,237.96,237.93,237.93,237.9,237.96,237.96,237.95,237.91,237.93,237.94,237.9,237.94,237.93,237.84,237.81,237.83,237.84,237.85,237.79,237.81,237.89,237.79,237.85,237.84,237.77,237.68,237.66,237.62,237.6,237.64,237.73,237.76,237.77,237.75,237.75,237.72,237.69,237.67,237.67,237.69,237.64,237.63,237.65,237.55,237.56,237.5,237.45,237.43,237.47,237.47,237.45,237.43,237.46,237.47,237.48,237.42,237.39,237.25,237.18,237.17,237.12,237.12,237.13,237.05,237,237,237.07,237.07,237.01,237.02,237.01,236.93,236.93,236.96,236.89,236.83,236.85,236.82,236.87,236.94,236.93,236.91,236.93,236.96
239.02,238.94,238.87,238.82,238.78,238.8,238.87,238.91,238.84,238.85,238.83,238.8,238.87,238.83,238.73,238.68,238.63,238.66,238.72,238.73,238.65,238.61,238.52,238.55,238.57,238.62,238.57,238.57,238.55,238.54,238.51,238.43,238.43,238.45,238.47,238.48,238.36,238.4,238.33,238.37,238.3,238.29,238.18,238.16,238.11,238.13,238.15,238.21,238.16,238.01,238,238.04,238.01,238.02,237.98,238.04,238.05,238.03,238,238.01,238.02,237.99,238.02,238.01,237.92,237.9,237.91,237.92,237.93,237.87,237.89,237.97,237.87,237.93,237.92,237.85,237.77,237.74,237.71,237.68,237.73,237.81,237.85,237.85,237.84,237.84,237.8,237.76,237.75,237.75,237.77,237.72,237.71,237.73,237.62,237.63,237.58,237.54,237.51,237.55,237.55,237.53,237.51,237.54,237.55,237.56,237.49,237.46,237.33,237.25,237.24,237.19,237.18,237.19,237.1,237.05,237.05,237.12,237.12,237.05,237.07,237.06,236.97,236.97,237.01,236.93,236.88,236.9,236.88,236.93,237,236.99,236.97,236.99,237.02
239.07,238.99,238.92,238.87,238.84,238.86,238.93,238.97,238.9,238.92,238.9,238.87,238.94,238.9,238.8,238.75,238.7,238.73,238.79,238.79,238.72,238.68,238.59,238.62,238.64,238.69,238.64,238.63,238.62,238.61,238.57,238.5,238.49,238.51,238.54,238.54,238.42,238.46,238.4,238.44,238.37,238.36,238.25,238.23,238.18,238.2,238.22,238.28,238.24,238.09,238.08,238.12,238.1,238.11,238.08,238.14,238.14,238.13,238.09,238.1,238.11,238.07,238.11,238.1,238.01,237.98,237.99,238,238.02,237.95,237.98,238.06,237.95,238.01,238.01,237.93,237.85,237.83,237.8,237.77,237.81,237.9,237.94,237.94,237.93,237.92,237.87,237.84,237.82,237.83,237.84,237.8,237.79,237.81,237.7,237.71,237.67,237.63,237.6,237.64,237.64,237.62,237.6,237.63,237.63,237.64,237.57,237.54,237.41,237.33,237.31,237.25,237.24,237.25,237.16,237.11,237.1,237.17,237.17,237.1,237.11,237.1,237.02,237.02,237.05,236.98,236.94,236.95,236.94,236.99,237.06,237.06,237.04,237.05,237.08
239.13,239.05,238.98,238.93,238.89,238.92,238.99,239.04,238.97,238.98,238.97,238.95,239.02,238.98,238.88,238.83,238.77,238.8,238.86,238.86,238.8,238.75,238.66,238.69,238.71,238.76,238.71,238.7,238.68,238.68,238.63,238.57,238.56,238.58,238.6,238.61,238.49,238.53,238.47,238.51,238.43,238.43,238.32,238.3,238.25,238.27,238.29,238.36,238.32,238.17,238.16,238.21,238.19,238.2,238.17,238.23,238.23,238.22,238.18,238.19,238.2,238.16,238.2,238.19,238.1,238.07,238.07,238.08,238.1,238.04,238.07,238.15,238.04,238.1,238.1,238.02,237.95,237.93,237.9,237.87,237.91,237.99,238.04,238.03,238.03,238.01,237.96,237.92,237.9,237.92,237.93,237.88,237.88,237.9,237.79,237.8,237.76,237.72,237.69,237.73,237.73,237.71,237.69,237.71,237.72,237.72,237.65,237.62,237.48,237.4,237.39,237.32,237.31,237.32,237.23,237.16,237.16,237.22,237.22,237.16,237.16,237.15,237.07,237.07,237.1,237.03,237,237.01,237,237.05,237.13,237.12,237.1,237.12,237.15
239.2,239.11,239.04,239,238.96,238.99,239.06,239.11,239.04,239.06,239.05,239.03,239.11,239.07,238.96,238.9,238.85,238.88,238.93,238.94,238.88,238.83,238.74,238.77,238.79,238.83,238.78,238.78,238.76,238.75,238.7,238.64,238.64,238.65,238.67,238.68,238.56,238.61,238.54,238.58,238.5,238.51,238.4,238.38,238.34,238.34,238.37,238.44,238.4,238.26,238.25,238.3,238.29,238.3,238.27,238.34,238.33,238.32,238.28,238.29,238.3,238.26,238.29,238.28,238.2,238.17,238.16,238.17,238.19,238.14,238.16,238.24,238.13,238.2,238.19,238.12,238.05,238.03,238.01,237.97,238,238.09,238.14,238.12,238.12,238.1,238.04,238.01,237.99,238.01,238.01,237.97,237.97,237.99,237.88,237.89,237.85,237.82,237.79,237.82,237.82,237.8,237.79,237.81,237.8,237.81,237.73,237.7,237.57,237.48,237.47,237.39,237.38,237.39,237.29,237.23,237.21,237.28,237.27,237.21,237.22,237.21,237.12,237.12,237.16,237.09,237.06,237.08,237.06,237.12,237.19,237.19,237.17,237.18,237.21
239.27,239.18,239.11,239.07,239.04,239.06,239.14,239.19,239.12,239.14,239.14,239.12,239.2,239.16,239.05,238.99,238.94,238.96,239.01,239.02,238.97,238.92,238.83,238.86,238.87,238.92,238.86,238.86,238.83,238.83,238.77,238.72,238.72,238.72,238.75,238.75,238.64,238.68,238.61,238.65,238.58,238.58,238.48,238.46,238.42,238.42,238.45,238.53,238.49,238.35,238.34,238.4,238.39,238.41,238.38,238.45,238.44,238.42,238.39,238.39,238.4,238.36,238.39,238.37,238.3,238.27,238.26,238.26,238.29,238.23,238.26,238.33,238.23,238.29,238.29,238.22,238.15,238.14,238.12,238.08,238.11,238.19,238.24,238.22,238.22,238.19,238.13,238.1,238.08,238.1,238.11,238.06,238.07,238.08,237.97,237.98,237.96,237.93,237.9,237.92,237.92,237.91,237.88,237.9,237.89,237.9,237.82,237.78,237.65,237.56,237.55,237.46,237.45,237.46,237.36,237.29,237.28,237.34,237.33,237.27,237.27,237.27,237.18,237.18,237.21,237.15,237.13,237.14,237.13,237.18,237.26,237.26,237.24,237.25,237.28
239.35,239.26,239.19,239.15,239.12,239.15,239.22,239.27,239.21,239.23,239.23,239.22,239.29,239.25,239.15,239.08,239.03,239.05,239.09,239.1,239.06,239.02,238.92,238.95,238.96,239,238.94,238.94,238.92,238.91,238.85,238.8,238.8,238.8,238.83,238.83,238.72,238.76,238.69,238.73,238.65,238.66,238.56,238.55,238.51,238.51,238.54,238.61,238.58,238.45,238.44,238.51,238.5,238.52,238.5,238.56,238.55,238.53,238.5,238.49,238.5,238.47,238.49,238.47,238.4,238.38,238.36,238.35,238.38,238.34,238.36,238.43,238.33,238.39,238.39,238.32,238.26,238.25,238.23,238.19,238.22,238.29,238.35,238.32,238.33,238.29,238.22,238.19,238.17,238.19,238.2,238.16,238.16,238.17,238.07,238.08,238.06,238.04,238.01,238.03,238.03,238.01,237.98,237.99,237.98,237.99,237.9,237.86,237.74,237.65,237.64,237.54,237.52,237.54,237.44,237.36,237.35,237.4,237.39,237.33,237.33,237.33,237.24,237.24,237.27,237.22,237.21,237.21,237.2,237.26,237.34,237.33,237.31,237.32,237.34
239.44,239.35,239.27,239.24,239.21,239.24,239.31,239.37,239.31,239.32,239.33,239.33,239.39,239.35,239.25,239.17,239.13,239.15,239.18,239.19,239.16,239.11,239.03,239.05,239.05,239.1,239.04,239.03,239,239,238.93,238.89,238.89,238.88,238.91,238.91,238.8,238.85,238.77,238.81,238.73,238.75,238.65,238.63,238.61,238.6,238.63,238.71,238.68,238.55,238.54,238.61,238.62,238.64,238.62,238.68,238.67,238.64,238.61,238.6,238.61,238.58,238.6,238.58,238.51,238.48,238.46,238.45,238.49,238.44,238.46,238.53,238.43,238.5,238.49,238.43,238.38,238.37,238.36,238.31,238.33,238.4,238.46,238.42,238.43,238.39,238.31,238.28,238.27,238.3,238.3,238.26,238.27,238.28,238.17,238.18,238.18,238.15,238.12,238.14,238.14,238.12,238.09,238.09,238.07,238.08,237.99,237.95,237.82,237.73,237.73,237.62,237.6,237.62,237.52,237.44,237.42,237.47,237.46,237.4,237.4,237.39,237.31,237.31,237.34,237.28,237.28,237.29,237.28,237.33,237.41,237.41,237.39,237.4,237.42
239.53,239.45,239.37,239.33,239.31,239.34,239.42,239.47,239.42,239.43,239.44,239.44,239.5,239.46,239.35,239.28,239.24,239.26,239.27,239.28,239.27,239.22,239.13,239.15,239.15,239.19,239.13,239.12,239.09,239.09,239.02,238.98,238.98,238.97,239,238.99,238.89,238.93,238.85,238.9,238.82,238.84,238.74,238.72,238.71,238.69,238.72,238.8,238.78,238.66,238.66,238.73,238.74,238.76,238.74,238.8,238.79,238.76,238.73,238.71,238.73,238.69,238.71,238.68,238.62,238.6,238.58,238.56,238.59,238.56,238.57,238.63,238.54,238.61,238.6,238.55,238.5,238.5,238.48,238.43,238.45,238.51,238.57,238.53,238.54,238.49,238.41,238.39,238.37,238.4,238.41,238.37,238.37,238.38,238.28,238.29,238.29,238.27,238.25,238.25,238.25,238.23,238.2,238.19,238.17,238.17,238.07,238.03,237.91,237.82,237.82,237.7,237.68,237.7,237.6,237.52,237.49,237.54,237.52,237.47,237.46,237.46,237.38,237.38,237.41,237.36,237.37,237.36,237.36,237.41,237.49,237.49,237.47,237.47,237.49
239.63,239.55,239.47,239.44,239.42,239.46,239.53,239.58,239.53,239.54,239.56,239.57,239.62,239.58,239.47,239.38,239.35,239.37,239.38,239.38,239.38,239.33,239.25,239.27,239.26,239.3,239.23,239.22,239.19,239.18,239.11,239.08,239.08,239.06,239.09,239.08,238.98,239.03,238.94,238.99,238.91,238.93,238.84,238.82,238.81,238.79,238.82,238.9,238.89,238.78,238.77,238.85,238.86,238.89,238.87,238.93,238.91,238.88,238.85,238.83,238.85,238.81,238.82,238.79,238.74,238.72,238.69,238.67,238.7,238.67,238.68,238.74,238.65,238.72,238.71,238.68,238.63,238.63,238.62,238.56,238.58,238.62,238.69,238.64,238.66,238.59,238.52,238.49,238.48,238.51,238.51,238.48,238.48,238.49,238.39,238.4,238.42,238.4,238.38,238.37,238.37,238.35,238.31,238.3,238.27,238.27,238.16,238.12,238,237.91,237.91,237.78,237.77,237.79,237.69,237.61,237.58,237.61,237.6,237.54,237.54,237.53,237.46,237.46,237.48,237.43,237.46,237.44,237.44,237.49,237.57,237.57,237.55,237.55,237.56
239.75,239.67,239.58,239.56,239.55,239.58,239.65,239.7,239.66,239.66,239.69,239.7,239.74,239.7,239.59,239.5,239.47,239.49,239.48,239.49,239.5,239.46,239.38,239.39,239.37,239.41,239.34,239.33,239.29,239.28,239.2,239.18,239.18,239.15,239.18,239.17,239.08,239.12,239.03,239.08,239,239.02,238.94,238.92,238.92,238.89,238.92,239,238.99,238.9,238.89,238.98,238.99,239.03,239.01,239.06,239.04,239.01,238.98,238.95,238.97,238.93,238.94,238.9,238.86,238.84,238.81,238.78,238.82,238.79,238.79,238.85,238.77,238.84,238.83,238.8,238.77,238.77,238.76,238.7,238.71,238.74,238.81,238.75,238.78,238.7,238.62,238.6,238.59,238.63,238.63,238.59,238.6,238.6,238.51,238.52,238.55,238.54,238.52,238.49,238.5,238.47,238.43,238.4,238.36,238.37,238.24,238.2,238.1,238,238.01,237.87,237.86,237.88,237.78,237.7,237.66,237.69,237.67,237.62,237.61,237.6,237.54,237.54,237.56,237.52,237.56,237.53,237.53,237.58,237.65,237.65,237.63,237.63,237.64
239.87,239.79,239.7,239.69,239.68,239.71,239.78,239.83,239.79,239.79,239.83,239.85,239.87,239.83,239.72,239.63,239.6,239.61,239.59,239.6,239.63,239.58,239.52,239.51,239.49,239.53,239.45,239.44,239.39,239.39,239.3,239.29,239.29,239.25,239.28,239.26,239.18,239.22,239.13,239.17,239.1,239.11,239.05,239.02,239.04,238.99,239.03,239.11,239.11,239.02,239.02,239.11,239.13,239.17,239.16,239.2,239.18,239.14,239.11,239.08,239.1,239.06,239.06,239.01,238.99,238.97,238.94,238.9,238.93,238.92,238.91,238.96,238.89,238.96,238.95,238.94,238.92,238.91,238.91,238.85,238.84,238.86,238.94,238.87,238.9,238.81,238.74,238.71,238.7,238.75,238.75,238.71,238.71,238.72,238.64,238.65,238.69,238.68,238.66,238.62,238.63,238.6,238.55,238.51,238.46,238.47,238.33,238.28,238.19,238.1,238.1,237.95,237.95,237.97,237.88,237.8,237.75,237.78,237.75,237.7,237.69,237.68,237.62,237.63,237.64,237.6,237.66,237.62,237.62,237.67,237.73,237.74,237.72,237.72,237.71
240,239.93,239.84,239.82,239.83,239.86,239.92,239.97,239.94,239.93,239.98,240,240.02,239.97,239.85,239.76,239.74,239.75,239.71,239.72,239.77,239.72,239.66,239.65,239.62,239.65,239.57,239.56,239.51,239.5,239.41,239.41,239.4,239.35,239.39,239.36,239.28,239.32,239.23,239.27,239.2,239.21,239.15,239.12,239.16,239.11,239.14,239.22,239.22,239.16,239.15,239.25,239.27,239.31,239.31,239.35,239.32,239.27,239.24,239.21,239.23,239.19,239.18,239.13,239.12,239.11,239.07,239.03,239.06,239.05,239.03,239.08,239.02,239.09,239.08,239.08,239.07,239.07,239.06,238.99,238.99,238.99,239.07,238.99,239.02,238.92,238.85,238.84,238.82,238.87,238.87,238.84,238.84,238.84,238.77,238.78,238.84,238.83,238.81,238.76,238.76,238.74,238.67,238.62,238.57,238.57,238.42,238.37,238.28,238.2,238.2,238.05,238.04,238.07,237.98,237.91,237.85,237.87,237.83,237.79,237.77,237.77,237.72,237.72,237.72,237.7,237.77,237.71,237.72,237.77,237.82,237.83,237.81,237.8,237.79
240.14,240.08,239.98,239.98,239.98,240.01,240.08,240.12,240.1,240.08,240.14,240.17,240.16,240.11,240,239.89,239.89,239.89,239.84,239.85,239.91,239.87,239.81,239.79,239.75,239.78,239.69,239.68,239.62,239.61,239.52,239.53,239.52,239.46,239.49,239.46,239.39,239.43,239.33,239.37,239.31,239.32,239.27,239.23,239.29,239.22,239.26,239.33,239.34,239.29,239.29,239.39,239.42,239.46,239.47,239.5,239.47,239.41,239.38,239.35,239.37,239.33,239.3,239.24,239.25,239.25,239.21,239.15,239.19,239.19,239.15,239.19,239.15,239.22,239.21,239.23,239.23,239.22,239.22,239.15,239.14,239.12,239.2,239.11,239.15,239.03,238.97,238.96,238.94,239,239,238.97,238.96,238.96,238.91,238.92,238.99,238.99,238.97,238.9,238.9,238.88,238.8,238.74,238.67,238.67,238.51,238.45,238.38,238.29,238.31,238.14,238.14,238.17,238.08,238.02,237.96,237.96,237.91,237.88,237.86,237.86,237.81,237.81,237.81,237.79,237.88,237.81,237.81,237.86,237.91,237.92,237.9,237.89,237.87
240.3,240.24,240.13,240.13,240.15,240.18,240.25,240.28,240.27,240.24,240.31,240.35,240.32,240.27,240.15,240.04,240.04,240.05,239.97,239.98,240.07,240.02,239.98,239.94,239.89,239.92,239.83,239.82,239.74,239.73,239.63,239.65,239.64,239.57,239.6,239.57,239.51,239.54,239.43,239.48,239.42,239.42,239.38,239.34,239.42,239.34,239.38,239.45,239.46,239.43,239.43,239.54,239.57,239.62,239.63,239.65,239.62,239.55,239.53,239.49,239.51,239.47,239.43,239.36,239.39,239.39,239.35,239.29,239.31,239.33,239.28,239.31,239.29,239.35,239.35,239.39,239.39,239.39,239.38,239.31,239.29,239.25,239.33,239.23,239.28,239.14,239.09,239.09,239.07,239.14,239.14,239.11,239.09,239.08,239.05,239.06,239.15,239.15,239.14,239.04,239.05,239.02,238.93,238.85,238.77,238.77,238.59,238.53,238.48,238.4,238.41,238.23,238.24,238.28,238.19,238.14,238.07,238.06,238,237.98,237.95,237.95,237.91,237.92,237.9,237.9,238,237.91,237.92,237.96,238,238.02,238,237.98,237.95
240.46,240.41,240.3,240.31,240.34,240.36,240.43,240.45,240.46,240.41,240.5,240.54,240.49,240.43,240.31,240.2,240.21,240.2,240.11,240.12,240.23,240.18,240.16,240.1,240.04,240.07,239.97,239.95,239.87,239.86,239.75,239.79,239.77,239.69,239.72,239.67,239.63,239.65,239.54,239.59,239.53,239.53,239.51,239.46,239.56,239.47,239.5,239.57,239.59,239.59,239.58,239.69,239.73,239.78,239.8,239.82,239.78,239.7,239.68,239.64,239.66,239.62,239.57,239.49,239.53,239.54,239.5,239.43,239.45,239.48,239.41,239.44,239.43,239.49,239.49,239.55,239.57,239.56,239.56,239.48,239.45,239.38,239.47,239.36,239.41,239.26,239.22,239.22,239.21,239.27,239.28,239.25,239.23,239.22,239.2,239.21,239.32,239.32,239.31,239.2,239.2,239.17,239.06,238.97,238.88,238.88,238.67,238.61,238.57,238.5,238.52,238.33,238.34,238.39,238.31,238.26,238.18,238.16,238.1,238.08,238.05,238.05,238.02,238.03,238,238,238.13,238.02,238.03,238.07,238.09,238.11,238.1,238.07,238.03
240.64,240.6,240.48,240.5,240.54,240.56,240.62,240.64,240.65,240.6,240.69,240.75,240.66,240.6,240.48,240.36,240.39,240.38,240.26,240.27,240.41,240.36,240.34,240.27,240.2,240.22,240.11,240.1,240.01,239.99,239.88,239.93,239.91,239.81,239.84,239.79,239.75,239.77,239.66,239.7,239.65,239.65,239.63,239.58,239.71,239.6,239.63,239.7,239.72,239.74,239.74,239.85,239.89,239.95,239.98,239.98,239.94,239.85,239.83,239.79,239.81,239.77,239.7,239.61,239.68,239.69,239.66,239.57,239.59,239.63,239.55,239.56,239.57,239.63,239.63,239.72,239.75,239.74,239.73,239.66,239.62,239.52,239.61,239.49,239.54,239.37,239.36,239.36,239.35,239.42,239.42,239.4,239.37,239.35,239.36,239.36,239.49,239.49,239.5,239.35,239.35,239.32,239.2,239.09,238.99,238.98,238.76,238.69,238.67,238.6,238.62,238.43,238.45,238.51,238.43,238.4,238.3,238.27,238.19,238.19,238.15,238.15,238.14,238.14,238.1,238.12,238.27,238.13,238.14,238.18,238.19,238.22,238.2,238.16,238.11
240.83,240.8,240.68,240.7,240.76,240.77,240.83,240.84,240.87,240.79,240.9,240.96,240.85,240.79,240.66,240.54,240.57,240.56,240.41,240.42,240.59,240.54,240.54,240.45,240.37,240.39,240.27,240.26,240.15,240.13,240.02,240.08,240.05,239.94,239.97,239.9,239.88,239.89,239.77,239.81,239.78,239.77,239.77,239.7,239.86,239.74,239.77,239.83,239.86,239.9,239.9,240.03,240.06,240.13,240.16,240.16,240.11,240,239.99,239.95,239.97,239.92,239.84,239.74,239.83,239.86,239.82,239.72,239.74,239.79,239.68,239.69,239.72,239.79,239.78,239.89,239.94,239.93,239.92,239.84,239.8,239.67,239.76,239.63,239.68,239.49,239.49,239.5,239.49,239.57,239.58,239.55,239.51,239.49,239.52,239.53,239.68,239.68,239.69,239.52,239.52,239.48,239.34,239.22,239.09,239.09,238.84,238.77,238.77,238.71,238.74,238.53,238.56,238.63,238.56,238.54,238.43,238.39,238.29,238.3,238.26,238.26,238.26,238.26,238.21,238.24,238.41,238.24,238.26,238.29,238.29,238.32,238.3,238.26,238.2
241.04,241.02,240.89,240.92,240.99,241,241.05,241.05,241.09,241,241.12,241.2,241.05,240.98,240.85,240.72,240.77,240.75,240.58,240.58,240.78,240.73,240.75,240.64,240.54,240.56,240.43,240.42,240.3,240.27,240.16,240.23,240.2,240.07,240.1,240.02,240.01,240.02,239.89,239.93,239.91,239.89,239.9,239.83,240.02,239.88,239.9,239.96,240,240.07,240.07,240.2,240.24,240.31,240.36,240.33,240.28,240.16,240.15,240.11,240.13,240.09,239.98,239.87,239.98,240.02,239.99,239.88,239.88,239.95,239.82,239.82,239.88,239.94,239.93,240.08,240.14,240.12,240.11,240.03,239.98,239.81,239.9,239.76,239.82,239.61,239.63,239.65,239.64,239.73,239.73,239.71,239.66,239.64,239.69,239.7,239.86,239.88,239.89,239.69,239.68,239.65,239.49,239.34,239.2,239.2,238.92,238.85,238.87,238.82,238.85,238.63,238.68,238.76,238.69,238.68,238.57,238.51,238.4,238.42,238.37,238.37,238.39,238.39,238.32,238.37,238.56,238.36,238.39,238.41,238.39,238.43,238.4,238.36,238.28
241.26,241.25,241.11,241.15,241.24,241.24,241.29,241.27,241.33,241.22,241.36,241.45,241.26,241.18,241.05,240.91,240.98,240.95,240.75,240.76,240.99,240.93,240.97,240.83,240.73,240.74,240.6,240.59,240.45,240.42,240.3,240.4,240.35,240.21,240.23,240.15,240.14,240.14,240.02,240.06,240.05,240.01,240.04,239.96,240.18,240.03,240.05,240.1,240.14,240.25,240.24,240.38,240.42,240.49,240.55,240.52,240.46,240.32,240.32,240.27,240.3,240.25,240.12,240,240.14,240.19,240.16,240.04,240.03,240.12,239.97,239.95,240.04,240.1,240.09,240.27,240.34,240.33,240.32,240.23,240.16,239.96,240.05,239.9,239.96,239.74,239.78,239.81,239.8,239.89,239.9,239.88,239.81,239.79,239.87,239.87,240.06,240.08,240.1,239.86,239.86,239.82,239.64,239.47,239.31,239.3,239,238.92,238.97,238.93,238.96,238.74,238.8,238.89,238.83,238.84,238.71,238.63,238.51,238.55,238.49,238.49,238.52,238.52,238.44,238.5,238.72,238.49,238.52,238.53,238.49,238.54,238.51,238.46,238.36
